SALE TYPE,SOLD DATE,PROPERTY TYPE,ADDRESS,CITY,STATE OR PROVINCE,ZIP OR POSTAL CODE,PRICE,BEDS,BATHS,LOCATION,SQUARE FEET,LOT SIZE,YEAR BUILT,DAYS ON MARKET,$/SQUARE FEET,HOA/MONTH,STATUS,NEXT OPEN HOUSE START TIME,NEXT OPEN HOUSE END TIME,URL (SEE https://www.redfin.com/buy-a-home/comparative-market-analysis FOR INFO ON PRICING),SOURCE,MLS#,FAVORITE,INTERESTED,LATITUDE,LONGITUDE
MLS Listing,,Condo/Co-op,1970 Columbia St #304,San Diego,CA,92101,499000,1,1,Downtown,631,20084,2004,2,791,406,Active,,,https://www.redfin.com/CA/San-Diego/1970-Columbia-St-92101/unit-304/home/7532301,SDMLS,220025457,N,Y,32.7250604,-117.1681556
MLS Listing,,Condo/Co-op,1912 Diamond St #3,San Diego,CA,92109,949900,2,2.5,Pacific Beach,1170,6750,1994,2,812,289,Active,,,https://www.redfin.com/CA/San-Diego/1912-Diamond-St-92109/unit-3/home/7537506,SDMLS,220025394,N,Y,32.8041972,-117.2359109
MLS Listing,,Single Family Residential,5193 Winthrop St,San Diego,CA,92117,1050000,3,2,San Diego,1304,6400,2010,3,805,,Active,,,https://www.redfin.com/CA/San-Diego/5193-Winthrop-St-92117/home/4929912,SDMLS,220025348,N,Y,32.8393742,-117.1785169
MLS Listing,,Single Family Residential,1732 Gamma St,National City,CA,91950,599000,3,1,National City,962,,1952,3,623,,Active,,,https://www.redfin.com/CA/National-City/1732-Gamma-St-91950/home/5904664,SDMLS,220025279,N,Y,32.6897703,-117.0913369
MLS Listing,,Single Family Residential,4646 Del Mar Ave,San Diego,CA,92107,3499000,4,3.5,Ocean Beach,3761,7000,1998,4,930,,Pre On-Market,,,https://www.redfin.com/CA/San-Diego/4646-Del-Mar-Ave-92107/home/5335283,SDMLS,220025197,N,Y,32.7382498,-117.2491711
MLS Listing,,Condo/Co-op,1588 Santa Sabine,San Diego,CA,92154,599000,3,2.5,San Diego,1485,,2019,9,403,316,Active,,,https://www.redfin.com/CA/San-Diego/1588-Santa-Sabine-92154/home/167669197,SDMLS,220024871,N,Y,32.5648307,-117.0137679
MLS Listing,,Single Family Residential,859 60Th St,San Diego,CA,92114,549000,3,1,Encanto,926,7100,1948,9,593,,Active,,,https://www.redfin.com/CA/San-Diego/859-60th-St-92114/home/5849393,SDMLS,220024861,N,Y,32.7141839,-117.0678467
MLS Listing,,Single Family Residential,4950 Zion St,San Diego,CA,92120,850000,3,2,San Diego,1123,6000,1957,9,757,,Active,,,https://www.redfin.com/CA/San-Diego/4950-Zion-Ave-92120/home/5429442,SDMLS,220024853,N,Y,32.7930662,-117.0852232
MLS Listing,,Townhouse,3994 Carmel Brooks Way,San Diego,CA,92130,1399000,3,3,Carmel Valley,1758,4060,1985,11,796,,Active,,,https://www.redfin.com/CA/San-Diego/3994-Carmel-Brooks-Way-92130/home/4503766,SDMLS,220024673,N,Y,32.9425285,-117.2286485
MLS Listing,,Single Family Residential,10891 Caminito Alto,San Diego,CA,92131,1089000,4,3,Scripps Ranch,1858,3617,1991,16,586,180,Active,,,https://www.redfin.com/CA/San-Diego/10891-Caminito-Alto-92131/home/4833466,SDMLS,220024410,N,Y,32.9203285,-117.0635253
MLS Listing,,Condo/Co-op,3972 Albatross St #206,San Diego,CA,92103,888000,2,2.5,San Diego,1460,,2008,16,608,582,Active,,,https://www.redfin.com/CA/San-Diego/3972-Albatross-St-92103/unit-206/home/22392796,SDMLS,220024407,N,Y,32.7496616,-117.1663168
MLS Listing,,Multi-Family (2-4 Unit),635-641 25Th St,San Diego,CA,92102,1995000,0,,San Diego,2262,4679,1924,16,882,,Active,,,https://www.redfin.com/CA/San-Diego/635-25th-St-92102/home/5772606,SDMLS,220024391,N,Y,32.712386,-117.139974
MLS Listing,,Single Family Residential,5050 Williams Ave,La Mesa,CA,91942,828000,3,3.5,La Mesa,1350,7141,1953,18,613,,Active,,,https://www.redfin.com/CA/La-Mesa/5050-Williams-Ave-91942/home/5482399,SDMLS,220024142,N,Y,32.7704874,-117.0373192
MLS Listing,,Single Family Residential,13828 Via Boltana,San Diego,CA,92129,1295000,4,2.5,92129 - Rancho Penasquitos,1843,5001,1976,20,703,,Active,,,https://www.redfin.com/CA/San-Diego/13828-Via-Boltana-92129/home/4599589,CRMLS,BB22202393,N,Y,32.9657446,-117.116525
MLS Listing,,Single Family Residential,4429 Verley Ct,San Diego,CA,92117,975000,3,2,Clairemont,1599,6300,1963,23,610,,Active,,,https://www.redfin.com/CA/San-Diego/4429-Verley-Ct-92117/home/4966339,SDMLS,220023855,N,Y,32.8249311,-117.1851791
MLS Listing,,Condo/Co-op,4430 Cleveland Ave #19,San Diego,CA,92116,574900,2,1,University Heights,912,27985,1980,25,630,285,Active,,,https://www.redfin.com/CA/San-Diego/4430-Cleveland-Ave-92116/unit-19/home/5296608,SDMLS,220023573,N,Y,32.7579288,-117.1503494
MLS Listing,,Single Family Residential,374 Sunswept,San Diego,CA,92114,665000,4,2,San Diego,1509,6000,1960,30,441,,Active,,,https://www.redfin.com/CA/San-Diego/374-Sunswept-St-92114/home/6015605,SDMLS,220023294,N,Y,32.694802,-117.0390664
MLS Listing,,Condo/Co-op,4506 Alabama St #1,San Diego,CA,92116,799900,3,2,University Heights,1384,7012,1982,31,578,325,Active,,,https://www.redfin.com/CA/San-Diego/4506-Alabama-St-92116/unit-1/home/5294779,SDMLS,220023123,N,Y,32.7595842,-117.1429049
MLS Listing,,Single Family Residential,11518 Faisan Way,San Diego,CA,92124,989999,4,2.5,Tierrasanta,2100,2612,1981,38,471,250,Active,,,https://www.redfin.com/CA/San-Diego/11518-Faisan-Way-92124/home/5414063,SDMLS,220022629,N,Y,32.8140017,-117.0804885
MLS Listing,,Single Family Residential,8662 Mulvaney Dr,San Diego,CA,92119,795000,4,2,San Carlos,1577,6300,1967,38,504,,Active,,,https://www.redfin.com/CA/San-Diego/8662-Mulvaney-Dr-92119/home/5424568,SDMLS,220022592,N,Y,32.808984,-117.010788
MLS Listing,,Condo/Co-op,3330 Caminito Eastbluff #149,La Jolla,CA,92037,1100000,3,2.5,La Jolla,1707,155945,1978,38,644,495,Active,,,https://www.redfin.com/CA/La-Jolla/3330-Caminito-Eastbluff-92037/unit-149/home/4884064,SDMLS,220022531,N,Y,32.8586874,-117.2316247
MLS Listing,,Condo/Co-op,8422 Summerdale Rd Unit B,San Diego,CA,92126,579000,2,1.5,92126 - Mira Mesa,884,,1980,37,655,385,Active,,,https://www.redfin.com/CA/San-Diego/8422-Summerdale-Rd-92126/unit-B/home/4570900,CRMLS,NDP2209067,N,Y,32.9194304,-117.1431346
MLS Listing,,Single Family Residential,4957 Almayo Ct,San Diego,CA,92117,849900,3,1,Clairemont,1360,6000,1961,52,625,,Active,,,https://www.redfin.com/CA/San-Diego/4957-Almayo-Ct-92117/home/4964532,SDMLS,220021503,N,Y,32.8290686,-117.185271
MLS Listing,,Townhouse,16008 Caminito De Las Noches,San Diego,CA,92128,749000,2,2,Rancho Bernardo,1133,37440,1989,62,661,422,Active,,,https://www.redfin.com/CA/San-Diego/16008-Caminito-De-Las-Noches-92128/home/4255788,SDMLS,220020602,N,Y,33.0056252,-117.0783988
MLS Listing,,Townhouse,3422 Via Alicante,La Jolla,CA,92037,829899,2,2.5,La Jolla,1140,,1975,65,728,509,Active,October-9-2022 02:00 PM,October-9-2022 04:00 PM,https://www.redfin.com/CA/La-Jolla/3422-Via-Alicante-92037/home/4865706,SDMLS,220020482,N,Y,32.8614595,-117.230752
MLS Listing,,Condo/Co-op,5433 Soho View Ter,San Diego,CA,92105,549000,2,2.5,San Diego,1197,150264,2007,40,459,296,Active,,,https://www.redfin.com/CA/San-Diego/5433-Soho-View-Ter-92105/home/18600558,SDMLS,220020360,N,Y,32.7501311,-117.078383
MLS Listing,,Townhouse,8437 Via Mallorca #85,La Jolla,CA,92037,875000,2,2.5,La Jolla,1074,103585,1977,67,815,400,Active,,,https://www.redfin.com/CA/La-Jolla/8437-Via-Mallorca-92037/unit-85/home/4882378,SDMLS,220020168,N,Y,32.8595296,-117.2334362
MLS Listing,,Single Family Residential,3040 Brant St,San Diego,CA,92103,1799000,3,3,San Diego,1758,5000,1964,72,1023,,Active,,,https://www.redfin.com/CA/San-Diego/3040-Brant-St-92103/home/6423345,SDMLS,220019792,N,Y,32.737026,-117.167008
MLS Listing,,Single Family Residential,1554 Angelus Ave,Lemon Grove,CA,91945,699900,3,2,Lemon Grove,1604,9900,1960,72,436,,Active,,,https://www.redfin.com/CA/Lemon-Grove/1554-Angelus-Ave-91945/home/5988887,SDMLS,220019783,N,Y,32.7218994,-117.0400779
MLS Listing,,Townhouse,11969 Tivoli Park Row #4,San Diego,CA,92128,674900,2,2,Carmel Mountain Ranch,1076,147166,1994,74,627,400,Active,,,https://www.redfin.com/CA/San-Diego/11969-Tivoli-Park-Row-92128/unit-4/home/4695059,SDMLS,220019488,N,Y,32.9754322,-117.0718232
MLS Listing,,Single Family Residential,6698 Torenia Trl,San Diego,CA,92130,1795000,4,3,Carmel Valley,2432,3370,2016,79,738,220,Active,,,https://www.redfin.com/CA/San-Diego/6698-Torenia-Trl-92130/home/95962477,SDMLS,220019110,N,Y,32.9684002,-117.1737384
MLS Listing,,Single Family Residential,18795 Polvera Dr,San Diego,CA,92128,1999000,4,2.5,Rancho Bernardo,3134,43560,1979,79,638,24,Active,,,https://www.redfin.com/CA/San-Diego/18795-Polvera-Dr-92128/home/4203564,SDMLS,220019043,N,Y,33.0485366,-117.0556408
MLS Listing,,Single Family Residential,11306 Vista La Cuesta Dr,San Diego,CA,92131,1175000,3,2,Scripps Ranch,1384,11500,1972,70,849,,Active,,,https://www.redfin.com/CA/San-Diego/11306-Vista-La-Cuesta-Dr-92131/home/4972764,SDMLS,220018371,N,Y,32.9064937,-117.0887627
MLS Listing,,Single Family Residential,6047 Adobe Falls Rd,San Diego,CA,92120,1150000,3,2,Del Cerro,1674,9700,1965,88,687,,Active,,,https://www.redfin.com/CA/San-Diego/6047-Adobe-Falls-Rd-92120/home/5437437,SDMLS,220017992,N,Y,32.7824298,-117.0704211
MLS Listing,,Single Family Residential,3959 Ocean Front Walk,San Diego,CA,92109,5500000,3,3,Pacific Beach,1571,1552,2011,108,3501,,Active,,,https://www.redfin.com/CA/San-Diego/3959-Ocean-Front-Walk-92109/home/5176765,SDMLS,220016030,N,Y,32.7886926,-117.2545909
MLS Listing,,Condo/Co-op,1431 Pacific Hwy #417,San Diego,CA,92101,525000,1,1,Downtown,632,,2009,1,831,771,Active,,,https://www.redfin.com/CA/San-Diego/1431-Pacific-Hwy-92101/unit-417/home/22644838,SDMLS,220025558,N,Y,32.7203821,-117.1703611
MLS Listing,,Condo/Co-op,500 W Harbor Dr #816,San Diego,CA,92101,777000,1,1,92101 - San Diego Downtown,726,102536,1994,1,1070,931,Active,,,https://www.redfin.com/CA/San-Diego/500-W-Harbor-Dr-92101/unit-816/home/6455512,CRMLS,NDP2210255,N,Y,32.7109658,-117.1664555
MLS Listing,,Condo/Co-op,7245 Navajo Rd Unit D320,San Diego,CA,92119,499000,2,2,San Carlos,1259,33213,1987,1,396,507,Active,,,https://www.redfin.com/CA/San-Diego/7245-Navajo-Rd-92119/unit-D320/home/142954489,SDMLS,220025550,N,Y,32.803566,-117.040109
MLS Listing,,Single Family Residential,9207 Massot Ave,Santee,CA,92071,710000,3,1,Santee,979,,1983,1,725,,Active,,,https://www.redfin.com/CA/Santee/9207-Massot-Ave-92071/home/5044344,SDMLS,220025549,N,Y,32.8398087,-117.016467
MLS Listing,,Single Family Residential,10793 Cariuto Ct,San Diego,CA,92124,859000,4,2,Tierrasanta,1532,,1972,1,561,175,Active,October-9-2022 01:00 PM,October-9-2022 04:00 PM,https://www.redfin.com/CA/San-Diego/10793-Cariuto-Ct-92124/home/4989439,SDMLS,220025545,N,Y,32.8238838,-117.0972665
MLS Listing,,Mobile/Manufactured Home,402 63 rd St #15,San Diego,CA,92114,65000,1,1,92114 - Encanto,300,800,2021,1,217,,Active,,,https://www.redfin.com/CA/San-Diego/402-63rd-St-92114/unit-15/home/182210398,CRMLS,PTP2206548,N,Y,32.7081043,-117.0646941
MLS Listing,,Single Family Residential,1176 Loring St,Pacific Beach (san Diego),CA,92109,1595000,3,1.5,92109 - Pacific Beach,1382,6300,1942,1,1154,,Active,,,https://www.redfin.com/CA/San-Diego/1176-Loring-St-92109/home/5127711,CRMLS,NP22216220,N,Y,32.8068493,-117.2510543
MLS Listing,,Townhouse,3446 Via Alicante,San Diego,CA,92037,899900,2,2.5,La Jolla,1140,,2007,1,789,529,Active,,,https://www.redfin.com/CA/La-Jolla/3446-Via-Alicante-92037/home/4865716,SDMLS,220025538,N,Y,32.8608756,-117.2308931
MLS Listing,,Condo/Co-op,241 50Th St #44,San Diego,CA,92102,389999,3,2,92102 - San Diego,792,,1987,1,492,311,Active,October-14-2022 04:00 PM,October-14-2022 07:00 PM,https://www.redfin.com/CA/San-Diego/241-50th-St-92102/unit-44/home/6587646,CRMLS,PTP2206628,N,Y,32.7056141,-117.0859128
MLS Listing,,Single Family Residential,6454 Fischer Way Sendero Collection 76,San Diego,CA,92130,2228000,4,4.5,Carmel Valley,3436,5200,2022,1,648,237,Active,,,https://www.redfin.com/CA/San-Diego/6402-Fischer-Way-92130/home/178985448,SDMLS,220025533,N,Y,32.969634,-117.183231
MLS Listing,,Condo/Co-op,300 W Beech St #1908,San Diego,CA,92101,935000,2,2,Downtown,1132,,2004,1,826,602,Pre On-Market,,,https://www.redfin.com/CA/San-Diego/300-W-Beech-St-92101/unit-1908/home/6653106,SDMLS,220025530,N,Y,32.7211001,-117.1659385
MLS Listing,,Single Family Residential,15976 Cayenne Ridge Rd,San Diego,CA,92127,2295000,5,4.5,Rancho Bernardo,3802,,2004,1,604,90,Active,,,https://www.redfin.com/CA/San-Diego/15976-Cayenne-Ridge-Rd-92127/home/6585069,SDMLS,220025529,N,Y,33.0036492,-117.1017021
MLS Listing,,Single Family Residential,5038 Via Papel St,University City,CA,92122,1200000,3,2.5,92122 - University City,1536,5800,1973,1,781,,Active,,,https://www.redfin.com/CA/San-Diego/5038-Via-Papel-92122/home/4903497,CRMLS,NDP2210246,N,Y,32.8498207,-117.185271
MLS Listing,,Condo/Co-op,3860 Elijah Ct #1038,San Diego,CA,92130,995000,3,2,Carmel Valley,1387,,2002,1,717,394,Active,,,https://www.redfin.com/CA/San-Diego/3860-Elijah-Ct-92130/unit-1038/home/6683866,SDMLS,220025527,N,Y,32.9460309,-117.2321989
MLS Listing,,Single Family Residential,2463 Judson St,San Diego,CA,92111,799000,3,1.5,Linda Vista,1000,6600,1959,1,799,,Active,,,https://www.redfin.com/CA/San-Diego/2463-Judson-St-92111/home/5225860,SDMLS,220025525,N,Y,32.7883591,-117.1617456
MLS Listing,,Single Family Residential,11182 Montaubon Way,San Diego,CA,92131,1947000,5,4,Scripps Ranch,3318,12725,1997,1,587,42,Active,,,https://www.redfin.com/CA/San-Diego/11182-Montaubon-Way-92131/home/4823953,SDMLS,220025523,N,Y,32.9233101,-117.0886708
MLS Listing,,Condo/Co-op,1270 Cleveland Ave,San Diego,CA,92103,699000,2,2,92103 - Mission Hills,988,,1991,1,707,475,Active,,,https://www.redfin.com/CA/San-Diego/1270-Cleveland-Ave-92103/home/182206389,CRMLS,PTP2206621,N,Y,32.7502315,-117.1529917
MLS Listing,,Condo/Co-op,2400 5th Ave #207,San Diego,CA,92101,599000,1,1,92101 - San Diego Downtown,787,,2003,1,761,525,Active,,,https://www.redfin.com/CA/San-Diego/2400-Fifth-Ave-92101/unit-207/home/7530273,CRMLS,PTP2206620,N,Y,32.7308032,-117.1604704
MLS Listing,,Condo/Co-op,2624 Worden St #180,San Diego,CA,92110,575000,2,1.5,Point Loma,976,565073,1969,1,589,440,Active,,,https://www.redfin.com/CA/San-Diego/2624-Worden-St-92110/unit-180/home/5349112,SDMLS,220025521,N,Y,32.748011,-117.227708
MLS Listing,,Condo/Co-op,3980 FAIRCROSS,San Diego,CA,92115,512000,2,2,San Diego,1069,,1985,1,479,407,Pre On-Market,,,https://www.redfin.com/CA/San-Diego/3980-Faircross-Pl-92115/home/182205585,SDMLS,220025520,N,Y,32.7473632,-117.0696166
MLS Listing,,Single Family Residential,3263 Homer St,San Diego,CA,92106,1300000,3,1,Point Loma,1296,4500,1956,1,1003,,Active,October-9-2022 01:00 PM,October-9-2022 04:00 PM,https://www.redfin.com/CA/San-Diego/3263-Homer-St-92106/home/5355061,SDMLS,220025513,N,Y,32.7435254,-117.2177519
MLS Listing,,Single Family Residential,3445 Robb Roy Pl,San Diego,CA,92154,739000,4,2,San Diego,1444,5300,1977,1,512,,Active,,,https://www.redfin.com/CA/San-Diego/3445-Robb-Roy-Pl-92154/home/6160353,SDMLS,220025510,N,Y,32.5814158,-117.0599854
MLS Listing,,Single Family Residential,924 Sandpiper Pl,La Jolla,CA,92037,2395000,4,2.5,La Jolla,1781,13200,1960,1,1345,,Active,,,https://www.redfin.com/CA/La-Jolla/924-Sandpiper-Pl-92037/home/4936372,SDMLS,220025509,N,Y,32.8172548,-117.2629959
MLS Listing,,Single Family Residential,4393 36Th St,San Diego,CA,92104,869000,3,2,92104 - North Park,1048,3202,1926,2,829,,Active,October-9-2022 11:00 AM,October-9-2022 04:00 PM,https://www.redfin.com/CA/San-Diego/4393-36th-St-92104/home/5316883,CRMLS,PTP2206617,N,Y,32.7570105,-117.1156058
MLS Listing,,Single Family Residential,14653 Penasquitos Dr,San Diego,CA,92129,990000,2,2,Rancho Penasquitos,1403,,1970,2,706,,Active,October-9-2022 02:00 PM,October-9-2022 04:00 PM,https://www.redfin.com/CA/San-Diego/14653-Penasquitos-Dr-92129/home/4612796,SDMLS,220025504,N,Y,32.9814394,-117.0929457
MLS Listing,,Condo/Co-op,7509 Draper #309,La Jolla,CA,92037,949000,2,2,La Jolla,997,,2000,2,952,506,Active,,,https://www.redfin.com/CA/La-Jolla/7509-Draper-Ave-92037/unit-309/home/6650625,SDMLS,220025503,N,Y,32.840117,-117.2760973
MLS Listing,,Condo/Co-op,726 Silver St,La Jolla,CA,92037,2999000,4,4,92037 - La Jolla,2455,35956,2018,2,1222,391,Active,October-9-2022 01:00 PM,October-9-2022 04:00 PM,https://www.redfin.com/CA/La-Jolla/726-Silver-St-92037/home/142968818,CRMLS,NDP2210238,N,Y,32.8416446,-117.2762928
MLS Listing,,Townhouse,3693 RUETTE DE Vl,San Diego,CA,92130,1024900,2,2.5,Carmel Valley,1236,,1994,2,829,367,Active,,,https://www.redfin.com/CA/San-Diego/3693-Ruette-De-Vl-92130/home/6396788,SDMLS,220025502,N,Y,32.9423,-117.2369286
MLS Listing,,Townhouse,11013 Via Parma,San Diego,CA,92129,525000,2,1.5,Rancho Penasquitos,1056,223972,1971,2,497,360,Active,,,https://www.redfin.com/CA/San-Diego/11013-Via-Parma-92129/home/4615609,SDMLS,220025501,N,Y,32.967677,-117.097679
MLS Listing,,Single Family Residential,7963 Tinaja Ln,San Diego,CA,92139,710000,4,2,92139 - Paradise Hills,1649,6092,1986,2,431,180,Active,,,https://www.redfin.com/CA/San-Diego/7963-Tinaja-Ln-92139/home/6041977,CRMLS,PTP2206616,N,Y,32.6954022,-117.0236172
MLS Listing,,Townhouse,8106 Caminito Sonoma,La Jolla,CA,92037,1300000,3,2.5,La Jolla,1698,,1978,2,766,380,Active,,,https://www.redfin.com/CA/La-Jolla/8106-Caminito-Sonoma-92037/home/4883254,SDMLS,220025496,N,Y,32.8532436,-117.2346784
MLS Listing,,Single Family Residential,7890 Michelle Dr,La Mesa,CA,91942,849000,3,2,La Mesa,1248,8600,1960,2,680,,Active,,,https://www.redfin.com/CA/La-Mesa/7890-Michelle-Dr-91942/home/6250786,SDMLS,220025493,N,Y,32.7912578,-117.0275256
MLS Listing,,Single Family Residential,5444 Parkview Dr,La Jolla,CA,92037,2698400,4,2.5,La Jolla,1945,10000,1961,2,1387,,Active,,,https://www.redfin.com/CA/La-Jolla/5444-Parkview-Dr-92037/home/4939757,SDMLS,220025488,N,Y,32.817662,-117.2410182
MLS Listing,,Single Family Residential,1824 Erie St,San Diego,CA,92110,1100000,4,2,Bay Park,1876,7000,1949,2,586,,Pre On-Market,,,https://www.redfin.com/CA/San-Diego/1824-Erie-St-92110/home/5219105,SDMLS,220025487,N,Y,32.7790278,-117.204169
MLS Listing,,Single Family Residential,12286 Stonemill Dr,Poway,CA,92064,2350000,5,3.5,Poway,3831,,2000,2,613,,Active,October-9-2022 01:00 PM,October-9-2022 04:00 PM,https://www.redfin.com/CA/Poway/12286-Stonemill-Dr-92064/home/4837077,SDMLS,220025485,N,Y,32.9304955,-117.0594337
MLS Listing,,Multi-Family (2-4 Unit),4125 Georgia St,San Diego,CA,92103,1950000,7,4,92103 - Mission Hills,2750,6996,1914,2,709,,Active,,,https://www.redfin.com/CA/San-Diego/4125-Georgia-St-92103/home/5301789,CRMLS,PTP2206612,N,Y,32.75275,-117.14479
MLS Listing,,Condo/Co-op,17161 Alva Rd #2926,San Diego,CA,92127,439950,1,1,Rancho Bernardo,745,59920,1992,1,591,388,Active,,,https://www.redfin.com/CA/San-Diego/17161-Alva-Rd-92127/unit-2926/home/6260715,SDMLS,220025483,N,Y,33.0243542,-117.1050914
MLS Listing,,Single Family Residential,7510 Park Ridge Blvd,San Diego,CA,92120,1199000,4,2,Del Cerro,1890,8800,1971,2,634,,Active,October-9-2022 01:00 PM,October-9-2022 04:00 PM,https://www.redfin.com/CA/San-Diego/7510-Park-Ridge-Blvd-92120/home/5408352,SDMLS,220025477,N,Y,32.8059215,-117.0501468
MLS Listing,,Single Family Residential,1623 Arequipa St,San Diego,CA,92154,549900,4,2,92154 - Otay Mesa,1160,5300,1972,2,474,,Active,,,https://www.redfin.com/CA/San-Diego/1623-Arequipa-St-92154/home/6178307,CRMLS,PTP2206611,N,Y,32.5669786,-117.0985995
MLS Listing,,Single Family Residential,7361 Golfcrest Dr,San Diego,CA,92119,979000,3,2,San Carlos,1330,,1970,2,736,,Active,,,https://www.redfin.com/CA/San-Diego/7361-Golfcrest-Dr-92119/home/4979651,SDMLS,220025475,N,Y,32.8092013,-117.042009
MLS Listing,,Single Family Residential,7141 Lewison Dr,San Diego,CA,92120,1249900,4,2,92120 - Del Cerro,1836,6900,1964,2,681,,Active,,,https://www.redfin.com/CA/San-Diego/7141-Lewison-Dr-92120/home/6241945,CRMLS,PTP2206558,N,Y,32.8008815,-117.0786497
MLS Listing,,Single Family Residential,3986 Anastasia St,San Diego,CA,92111,1190000,4,2,92111 - Linda Vista,1869,6100,1962,2,637,,Active,,,https://www.redfin.com/CA/San-Diego/3986-Anastasia-St-92111/home/5162638,CRMLS,NDP2210230,N,Y,32.8174308,-117.1670298
MLS Listing,,Single Family Residential,9050 Capricorn Way,San Diego,CA,92126,794900,2,2,Mira Mesa,1008,5700,1976,2,789,,Active,,,https://www.redfin.com/CA/San-Diego/9050-Capricorn-Way-92126/home/4804181,SDMLS,220025470,N,Y,32.9250862,-117.1295775
MLS Listing,,Condo/Co-op,1080 Park Blvd #701,San Diego,CA,92101,809900,2,2,Downtown,1328,,2007,2,610,735,Active,,,https://www.redfin.com/CA/San-Diego/1080-Park-Blvd-92101/unit-701/home/17140883,SDMLS,220025469,N,Y,32.7163392,-117.1540942
MLS Listing,,Condo/Co-op,14121 Brent Wilsey Pl #1,San Diego,CA,92128,760000,2,2,Carmel Mountain Ranch,1101,343305,2007,2,690,330,Pre On-Market,,,https://www.redfin.com/CA/San-Diego/14121-Brent-Wilsey-Pl-92128/unit-1/home/17140645,SDMLS,220025465,N,Y,32.9770493,-117.0707429
MLS Listing,,Single Family Residential,3585 Felton St,San Diego,CA,92104,849999,2,1,North Park,876,,1939,2,970,,Active,,,https://www.redfin.com/CA/San-Diego/3585-Felton-St-92104/home/5392378,SDMLS,220025464,N,Y,32.7435355,-117.1215806
MLS Listing,,Single Family Residential,4221 Calle Isabelino,San Diego,CA,92130,1598888,3,2.5,92130 - Carmel Valley,2182,4435,2000,2,733,26,Active,October-9-2022 01:00 PM,October-9-2022 04:00 PM,https://www.redfin.com/CA/San-Diego/4221-Calle-Isabelino-92130/home/4518737,CRMLS,NDP2210226,N,Y,32.9204446,-117.2241831
MLS Listing,,Single Family Residential,7261 Farmdale St,San Diego,CA,92114,670000,3,1.5,Encanto,1029,6300,1960,2,651,,Pre On-Market,,,https://www.redfin.com/CA/San-Diego/7261-Farmdale-St-92114/home/6015915,SDMLS,220025462,N,Y,32.6917321,-117.0385606
MLS Listing,,Single Family Residential,8135 Whelan Dr,San Diego,CA,92119,899999,4,2,San Carlos,1296,,1961,2,694,,Active,,,https://www.redfin.com/CA/San-Diego/8135-Whelan-Dr-92119/home/5418560,SDMLS,220025461,N,Y,32.8056805,-117.0204445
MLS Listing,,Single Family Residential,2233 Vallecitos,La Jolla,CA,92037,2998000,3,2,La Jolla,1581,5510,1955,2,1896,,Active,October-9-2022 01:00 PM,October-9-2022 04:00 PM,https://www.redfin.com/CA/La-Jolla/2233-Vallecitos-92037/home/4877127,SDMLS,220025455,N,Y,32.8553681,-117.2544531
MLS Listing,,Condo/Co-op,1550 Monterey Pine Dr. Dr Unit D,San Ysidro,CA,92173,463000,3,1.5,92173 - San Ysidro,978,,1978,2,473,240,Active,October-9-2022 02:00 PM,October-9-2022 05:00 PM,https://www.redfin.com/CA/San-Diego/1550-Monterey-Pine-Dr-92173/unit-D/home/6175730,CRMLS,PTP2206603,N,Y,32.5675843,-117.072508
MLS Listing,,Single Family Residential,4623 Kleefeld,San Diego,CA,92117,1300000,4,2,Clairemont,1599,,1975,2,813,,Active,October-9-2022 02:00 PM,October-9-2022 04:00 PM,https://www.redfin.com/CA/San-Diego/4623-Kleefeld-Ave-92117/home/4956757,SDMLS,220025452,N,Y,32.8291053,-117.1977448
MLS Listing,,Single Family Residential,4033 Epanow,San Diego,CA,92117,799000,4,2,Clairemont,1626,,1954,2,491,,Active,,,https://www.redfin.com/CA/San-Diego/4033-Epanow-Ave-92117/home/5149942,SDMLS,220025450,N,Y,32.8145358,-117.2025917
MLS Listing,,Condo/Co-op,2581 Escala Cir,San Diego,CA,92108,859900,2,2.5,Mission Valley,1526,250196,2005,2,563,411,Active,,,https://www.redfin.com/CA/San-Diego/2581-Escala-Cir-92108/home/22818488,SDMLS,220025449,N,Y,32.7816009,-117.1328558
MLS Listing,,Single Family Residential,4035 Fanuel St,San Diego,CA,92109,1999000,4,3,Pacific Beach,1778,4400,1960,2,1124,,Active,,,https://www.redfin.com/CA/San-Diego/4035-Fanuel-St-92109/home/182195252,SDMLS,220025447,N,Y,32.7920728,-117.2440574
MLS Listing,,Condo/Co-op,1441 9Th Ave #1604,San Diego,CA,92101,1149000,2,2,San Diego,1355,22202,2008,2,848,889,Active,,,https://www.redfin.com/CA/San-Diego/1441-Ninth-Ave-92101/unit-1604/home/18712210,SDMLS,220025446,N,Y,32.7202922,-117.1561395
MLS Listing,,Single Family Residential,7489 Healis Pl,San Diego,CA,92129,1295000,4,3.5,Rancho Penasquitos,2194,5884,2003,2,590,80,Active,October-9-2022 01:00 PM,October-9-2022 04:00 PM,https://www.redfin.com/CA/San-Diego/7489-Healis-Pl-92129/home/6600383,SDMLS,220025373,N,Y,32.9603617,-117.1572883
MLS Listing,,Single Family Residential,1407 Froude St,San Diego,CA,92107,1999999,3,2.5,Point Loma,2189,3500,2013,2,914,,Active,October-9-2022 01:00 PM,October-9-2022 04:00 PM,https://www.redfin.com/CA/San-Diego/1407-Froude-St-92107/home/46440571,SDMLS,220025444,N,Y,32.7344706,-117.2510101
MLS Listing,,Condo/Co-op,4019 Carmel View Rd #151,San Diego,CA,92130,750000,2,2,Carmel Valley,964,143927,1989,2,778,408,Active,,,https://www.redfin.com/CA/San-Diego/4019-Carmel-View-Rd-92130/unit-151/home/4507397,SDMLS,220025438,N,Y,32.9442409,-117.232624
MLS Listing,,Condo/Co-op,6737 Friars Rd #167,San Diego,CA,92108,589900,2,2,San Diego,1008,124809,1979,2,585,460,Active,October-9-2022 10:00 AM,October-9-2022 06:00 PM,https://www.redfin.com/CA/San-Diego/6737-Friars-Rd-92108/unit-167/home/5246474,SDMLS,220025436,N,Y,32.7665006,-117.17344
MLS Listing,,Single Family Residential,1558 Burton St,San Diego,CA,92111,1295000,5,3,Linda Vista,2302,,1995,2,563,,Active,,,https://www.redfin.com/CA/San-Diego/1558-Burton-St-92111/home/5243087,SDMLS,220025434,N,Y,32.7735716,-117.1730032
MLS Listing,,Single Family Residential,8859 Crestmore Ave,Spring Valley,CA,91977,729900,4,2,91977 - Spring Valley,1293,6000,1959,2,565,,Active,October-9-2022 11:00 AM,October-9-2022 05:00 PM,https://www.redfin.com/CA/Spring-Valley/8859-Crestmore-Ave-91977/home/6025072,CRMLS,PTP2206599,N,Y,32.7126211,-117.0177315
MLS Listing,,Single Family Residential,750 Twining Ave,San Diego,CA,92154,824900,5,2.5,92154 - Otay Mesa,2196,5100,1969,2,376,,Active,,,https://www.redfin.com/CA/San-Diego/750-Twining-Ave-92154/home/6162159,CRMLS,PTP2206600,N,Y,32.5825205,-117.0456871
MLS Listing,,Single Family Residential,9737 Caminito Doha,San Diego,CA,92131,899000,3,2.5,Scripps Ranch,1666,167515,1978,2,540,390,Active,October-9-2022 01:00 PM,October-9-2022 04:00 PM,https://www.redfin.com/CA/San-Diego/9737-Caminito-Doha-92131/home/4974480,SDMLS,220025431,N,Y,32.9002521,-117.1051312
MLS Listing,,Single Family Residential,4629 Mataro Dr,San Diego,CA,92115,870000,3,2,San Diego,1302,5121,1951,2,668,,Active,,,https://www.redfin.com/CA/San-Diego/4629-Mataro-Dr-92115/home/5474107,SDMLS,220025429,N,Y,32.7620567,-117.0579625
MLS Listing,,Single Family Residential,1311 Olivet St,La Jolla,CA,92037,2400000,4,2,La Jolla,1580,5950,1956,2,1519,,Active,,,https://www.redfin.com/CA/La-Jolla/1311-Olivet-St-92037/home/4908647,SDMLS,220025427,N,Y,32.8437685,-117.2682775
MLS Listing,,Single Family Residential,8931 Haveteur Way,San Diego,CA,92123,920000,4,2,Serra Mesa,1406,6600,1958,2,654,,Active,,,https://www.redfin.com/CA/San-Diego/8931-Haveteur-Way-92123/home/5170472,SDMLS,220025423,N,Y,32.8077313,-117.1357358
MLS Listing,,Single Family Residential,11743 Windcrest Ln,San Diego,CA,92128,1332000,4,3,Carmel Mountain Ranch,2428,5210,1991,2,549,48,Active,,,https://www.redfin.com/CA/San-Diego/11743-Windcrest-Ln-92128/home/4679081,SDMLS,220025421,N,Y,32.9720636,-117.0823272
MLS Listing,,Condo/Co-op,235 Market St #601,San Diego,CA,92101,799000,3,2,Downtown,1308,,2002,2,611,550,Active,,,https://www.redfin.com/CA/San-Diego/235-Market-St-92101/unit-601/home/6505387,SDMLS,220025422,N,Y,32.7111617,-117.1626416
MLS Listing,,Single Family Residential,5535 Churchward,San Diego,CA,92114,765000,3,2,San Diego,1133,,1947,2,675,,Active,,,https://www.redfin.com/CA/San-Diego/5535-Churchward-St-92114/home/5876165,SDMLS,220025419,N,Y,32.7038194,-117.076765
MLS Listing,,Townhouse,5055 Collwood Blvd #107,San Diego,CA,92115,550000,3,2,San Diego,1121,,1974,2,491,345,Active,,,https://www.redfin.com/CA/San-Diego/5055-Collwood-Blvd-92115/unit-107/home/5469292,SDMLS,220025416,N,Y,32.7695388,-117.0853841
MLS Listing,,Condo/Co-op,1885 Diamond St #116,San Diego,CA,92109,499995,1,1,Pacific Beach,653,,1975,2,766,483,Active,,,https://www.redfin.com/CA/San-Diego/1885-Diamond-St-92109/unit-116/home/5141805,SDMLS,220025415,N,Y,32.8034474,-117.2366666
MLS Listing,,Condo/Co-op,5211 Calle Rockfish #90,San Diego,CA,92154,685000,3,3.5,92154 - Otay Mesa,1626,687298,2020,2,421,340,Active,,,https://www.redfin.com/CA/San-Diego/5211-Calle-Rockfish-92154/unit-90/home/144891829,CRMLS,SW22209101,N,Y,32.5711362,-117.0218086
MLS Listing,,Condo/Co-op,16042 Caminito Tomas,San Diego,CA,92128,739000,2,2,92128 - Rancho Bernardo,1133,,1988,2,652,422,Active,October-9-2022 02:00 PM,October-9-2022 04:00 PM,https://www.redfin.com/CA/San-Diego/16042-Caminito-Tomas-92128/home/4254810,CRMLS,NDP2210210,N,Y,33.0064373,-117.079401
MLS Listing,,Single Family Residential,2731 E Evans Rd,San Diego,CA,92106,1798000,3,3,Point Loma,1931,2178,2004,2,931,136,Active,,,https://www.redfin.com/CA/San-Diego/2731-E-Evans-Rd-92106/home/6586354,SDMLS,220025411,N,Y,32.7311551,-117.2184349
MLS Listing,,Single Family Residential,3645 Yosemite St,San Diego,CA,92109,2095000,4,3,Crown Point,2177,,1960,2,962,,Active,October-9-2022 01:30 PM,October-9-2022 05:00 PM,https://www.redfin.com/CA/San-Diego/3645-Yosemite-St-92109/home/5179914,SDMLS,220025405,N,Y,32.7862077,-117.235621
MLS Listing,,Single Family Residential,5567 Las Alturas Ter,San Diego,CA,92114,675000,3,2,San Diego,1293,7200,1952,2,522,,Active,,,https://www.redfin.com/CA/San-Diego/5567-Las-Alturas-Ter-92114/home/5876305,SDMLS,220025403,N,Y,32.7024179,-117.0769948
MLS Listing,,Single Family Residential,11470 Westonhill Dr,San Diego,CA,92126,1055000,5,2.5,Mira Mesa,2138,,1973,2,493,11,Active,October-9-2022 01:00 PM,October-9-2022 04:00 PM,https://www.redfin.com/CA/San-Diego/11470-Westonhill-Dr-92126/home/4536432,SDMLS,220025402,N,Y,32.9335974,-117.1358736
MLS Listing,,Single Family Residential,7760 Parkdale Cv,San Diego,CA,92126,1095000,4,2,Mira Mesa,1750,8400,1972,2,626,,Active,,,https://www.redfin.com/CA/San-Diego/7760-Parkdale-Cv-92126/home/4579723,SDMLS,220025401,N,Y,32.9140974,-117.1554276
MLS Listing,,Single Family Residential,5435 Trojan Ave,San Diego,CA,92115,749000,3,2,92115 - San Diego,952,5227,1952,2,787,,Active,,,https://www.redfin.com/CA/San-Diego/5435-Trojan-Ave-92115/home/5509495,CRMLS,PTP2206595,N,Y,32.7546904,-117.0780521
MLS Listing,,Townhouse,207 5th #312,San Diego,CA,92101,275000,0,1,San Diego,311,,2008,2,884,713,Active,,,https://www.redfin.com/CA/San-Diego/207-Fifth-Ave-92101/unit-312/home/182191746,SDMLS,220025399,N,Y,32.7075604,-117.1599101
MLS Listing,,Single Family Residential,252 Mesa Ave,San Diego,CA,92173,995000,4,3,San Ysidro,1455,17206,1930,2,684,,Active,,,https://www.redfin.com/CA/San-Ysidro/252-Mesa-Ave-92173/home/6185095,SDMLS,220025396,N,Y,32.5567897,-117.0412733
MLS Listing,,Single Family Residential,3422 Whittier St,San Diego,CA,92106,1969900,4,4,Point Loma,2650,5000,1948,2,743,,Active,,,https://www.redfin.com/CA/San-Diego/3422-Whittier-St-92106/home/5354077,SDMLS,220025395,N,Y,32.7380499,-117.2244128
MLS Listing,,Condo/Co-op,8612 Arminda Cir #54,Santee,CA,92071,399000,2,2,Santee,958,127677,1987,2,416,444,Active,,,https://www.redfin.com/CA/Santee/8612-Arminda-Cir-92071/unit-54/home/5041103,SDMLS,220025390,N,Y,32.834894,-117.009672
MLS Listing,,Townhouse,16356 Avenida Venusto Unit B,Rancho Bernardo,CA,92128,850000,3,2.5,Rancho Bernardo,1632,368098,1990,2,521,580,Active,,,https://www.redfin.com/CA/San-Diego/16356-Avenida-Venusto-92128/unit-B/home/4253481,SDMLS,220025389,N,Y,33.010975,-117.07593
MLS Listing,,Townhouse,1323 Pacific Beach Dr Unit F,Pacific Beach,CA,92109,1295000,3,2.5,Pacific Beach,1643,,1992,2,788,400,Active,October-11-2022 10:00 AM,October-11-2022 12:00 PM,https://www.redfin.com/CA/San-Diego/1323-Pacific-Beach-Dr-92109/unit-F/home/5178234,SDMLS,220025386,N,Y,32.792734,-117.243991
MLS Listing,,Single Family Residential,3140 Xenophon St,San Diego,CA,92106,1999999,3,2,Point Loma,1682,14229,1956,2,1189,,Active,,,https://www.redfin.com/CA/San-Diego/3140-Xenophon-St-92106/home/5356298,SDMLS,220025385,N,Y,32.7371265,-117.2208182
MLS Listing,,Townhouse,9494 High Park Ln,San Diego,CA,92129,950000,4,3,Rancho Penasquitos,1697,6135,1984,2,560,90,Active,,,https://www.redfin.com/CA/San-Diego/9494-High-Park-Ln-92129/home/4763025,SDMLS,220025382,N,Y,32.9577689,-117.1195354
MLS Listing,,Single Family Residential,10876 Caminito Arcada,San Diego,CA,92131,899000,3,2.5,Scripps Ranch,1269,13025,1996,2,708,100,Active,October-9-2022 01:00 PM,October-9-2022 04:00 PM,https://www.redfin.com/CA/San-Diego/10876-Caminito-Arcada-92131/home/4826632,SDMLS,220025379,N,Y,32.9332829,-117.0944395
MLS Listing,,Townhouse,6275 Caminito Salado,San Diego,CA,92111,729000,3,2,San Diego,1392,1369,1973,2,524,525,Active,,,https://www.redfin.com/CA/San-Diego/6275-Caminito-Salado-92111/home/5248922,SDMLS,220025378,N,Y,32.772075,-117.182679
MLS Listing,,Single Family Residential,4632 Mount Gaywas Dr,San Diego,CA,92117,995000,4,3,92117 - Clairemont Mesa,1412,6000,1959,2,705,,Active,,,https://www.redfin.com/CA/San-Diego/4632-Mt-Gaywas-Dr-92117/home/4960396,CRMLS,NDP2210204,N,Y,32.8261812,-117.1922087
MLS Listing,,Single Family Residential,1004 Devonshire Dr,San Diego,CA,92107,6400000,5,3.5,Point Loma,4606,,1927,2,1389,,Active,,,https://www.redfin.com/CA/San-Diego/1004-Devonshire-Dr-92107/home/5737300,SDMLS,220025376,N,Y,32.7258214,-117.2546828
MLS Listing,,Condo/Co-op,4545 Collwood Blvd #68,San Diego,CA,92115,537000,2,2,Talmadge,1120,93430,1971,3,479,340,Active,,,https://www.redfin.com/CA/San-Diego/4545-Collwood-Blvd-92115/unit-68/home/5464617,SDMLS,220025375,N,Y,32.7604566,-117.0809942
MLS Listing,,Single Family Residential,3634 Plumosa Dr,San Diego,CA,92106,2800000,4,4,Point Loma,3050,6800,1932,3,918,,Active,,,https://www.redfin.com/CA/San-Diego/3634-Plumosa-Dr-92106/home/5347507,SDMLS,220025374,N,Y,32.7452462,-117.2222538
MLS Listing,,Single Family Residential,3126 31St St,San Diego,CA,92104,985000,2,1.5,92104 - North Park,1326,3313,1981,3,743,,Active,,,https://www.redfin.com/CA/San-Diego/3126-31st-St-92104/home/5389274,CRMLS,NDP2210197,N,Y,32.7378966,-117.1275552
MLS Listing,,Multi-Family (2-4 Unit),7142-44 AMHERST Rd,San Diego,CA,92115,898000,5,2,College Grove,1900,,1960,3,473,,Active,,,https://www.redfin.com/CA/San-Diego/7142-Amherst-St-92115/home/5482065,SDMLS,220025369,N,Y,32.7680316,-117.0438481
MLS Listing,,Single Family Residential,7616 Conestoga Way,San Diego,CA,92120,929000,4,2,San Diego,1601,,1968,3,580,,Active,,,https://www.redfin.com/CA/San-Diego/7616-Conestoga-Way-92120/home/5406263,SDMLS,220025368,N,Y,32.8068068,-117.0751101
MLS Listing,,Condo/Co-op,14147 Caminito Quevedo,San Diego,CA,92129,599000,3,2,Rancho Penasquitos,1170,,1972,3,512,390,Active,,,https://www.redfin.com/CA/San-Diego/14147-Caminito-Quevedo-92129/home/4615797,SDMLS,220025367,N,Y,32.9678868,-117.0945251
MLS Listing,,Single Family Residential,2376 LANAO Ln,San Diego,CA,92154,699000,5,3,92154 - Otay Mesa,2129,4668,1987,3,328,,Active,October-9-2022 12:00 PM,October-9-2022 04:00 PM,https://www.redfin.com/CA/San-Diego/2376-Lanao-Ln-92154/home/6153117,CRMLS,PTP2206588,N,Y,32.5843755,-117.0745584
MLS Listing,,Single Family Residential,1319 31st St,San Diego,CA,92102,924900,2,2,92102 - San Diego,1235,2828,1927,3,749,,Active,,,https://www.redfin.com/CA/San-Diego/1319-31st-St-92102/home/5822845,CRMLS,PTP2206585,N,Y,32.71949,-117.127314
MLS Listing,,Condo/Co-op,2380 Ritva Pl #2,San Diego,CA,92139,469000,2,1,92139 - Paradise Hills,866,,1980,3,542,245,Active,October-9-2022 01:00 PM,October-9-2022 04:00 PM,https://www.redfin.com/CA/San-Diego/2380-Ritva-Pl-92139/unit-2/home/6053718,CRMLS,PTP2206582,N,Y,32.6810586,-117.0456411
MLS Listing,,Single Family Residential,6203 Alderley St,San Diego,CA,92114,595000,3,2,92114 - Encanto,1107,5600,1962,3,537,,Active,,,https://www.redfin.com/CA/San-Diego/6203-Alderley-St-92114/home/5884761,CRMLS,PTP2206581,N,Y,32.7003962,-117.0649504
MLS Listing,,Condo/Co-op,918 Camino De La Reina #56,San Diego,CA,92108,759999,2,2.5,92108 - Mission Valley,1235,,1997,3,615,260,Active,,,https://www.redfin.com/CA/San-Diego/918-Camino-De-La-Reina-92108/unit-56/home/5260847,CRMLS,NDP2210178,N,Y,32.7682096,-117.1563922
MLS Listing,,Single Family Residential,7566 Delfina,San Diego,CA,92127,2600000,4,4,92127 - Rancho Bernardo,3022,7840,2003,3,860,550,Active,,,https://www.redfin.com/CA/San-Diego/7566-Delfina-92127/home/6482836,CRMLS,NDP2210169,N,Y,32.9858912,-117.164089
MLS Listing,,Single Family Residential,923 Bucky Ln,National City,CA,91950,980000,4,2,91950 - National City,1779,5568,1964,3,551,,Active,,,https://www.redfin.com/CA/National-City/923-Bucky-Ln-91950/home/5899263,CRMLS,PTP2206546,N,Y,32.6885291,-117.1007138
MLS Listing,,Condo/Co-op,2920 Briarwood Rd Unit D4,Bonita,CA,91902,374900,2,1,Bonita,742,,1980,3,505,308,Active,,,https://www.redfin.com/CA/Bonita/2920-Briarwood-Rd-91902/unit-D4/home/6444153,SDMLS,220025360,N,Y,32.6798863,-117.0301695
MLS Listing,,Townhouse,16750 Coyote Bush Dr #47,San Diego,CA,92127,1175000,3,2.5,Rancho Bernardo,1787,,2019,3,658,442,Active,October-9-2022 01:00 PM,October-9-2022 04:00 PM,https://www.redfin.com/CA/San-Diego/16750-Coyote-Bush-Dr-92127/unit-47/home/167684527,SDMLS,220025358,N,Y,33.0193536,-117.1295693
MLS Listing,,Vacant Land,1325 S 45th St,San Diego,CA,92113,725000,0,,San Diego,,,,3,,,Active,,,https://www.redfin.com/CA/San-Diego/1325-S-45th-St-92113/home/5898320,SDMLS,220025354,N,Y,32.6927972,-117.0978181
MLS Listing,,Single Family Residential,1725 Monmouth Dr,San Diego,CA,92109,2399900,4,3,Pacific Beach,2089,,1959,3,1149,,Active,,,https://www.redfin.com/CA/San-Diego/1725-Monmouth-Dr-92109/home/5137172,SDMLS,220025351,N,Y,32.8075952,-117.2403981
MLS Listing,,Single Family Residential,5029 Voltaire St,San Diego,CA,92107,1299990,2,2,Ocean Beach,1136,1990,1951,3,1144,,Active,October-9-2022 01:00 PM,October-9-2022 04:00 PM,https://www.redfin.com/CA/San-Diego/5029-Voltaire-St-92107/home/5329291,SDMLS,220025350,N,Y,32.7522637,-117.2473339
MLS Listing,,Condo/Co-op,350 Nutmeg St #402,San Diego,CA,92103,1299900,2,2,Hillcrest,1811,,2004,3,718,540,Active,October-9-2022 01:00 PM,October-9-2022 04:00 PM,https://www.redfin.com/CA/San-Diego/350-Nutmeg-St-92103/unit-402/home/6639582,SDMLS,220025343,N,Y,32.7338101,-117.1614469
MLS Listing,,Single Family Residential,7910 La Jolla Shores Dr,La Jolla,CA,92037,2100000,5,2,La Jolla,1596,,1952,3,1316,,Active,,,https://www.redfin.com/CA/La-Jolla/7910-La-Jolla-Shores-Dr-92037/home/4878166,SDMLS,220025339,N,Y,32.850567,-117.2554636
MLS Listing,,Single Family Residential,2939 Governor Dr W,San Diego,CA,92122,1350000,4,3,University City,1780,6600,1962,3,758,,Active,,,https://www.redfin.com/CA/San-Diego/2939-Governor-Dr-92122/home/6233705,SDMLS,220025337,N,Y,32.8500641,-117.2214728
MLS Listing,,Single Family Residential,18260 Moon Song Ct,San Diego,CA,92127,1495000,4,2.5,Rancho Bernardo,2620,20100,1990,3,571,91,Active,,,https://www.redfin.com/CA/San-Diego/18260-Moon-Song-Ct-92127/home/6265841,SDMLS,220025335,N,Y,33.0431735,-117.0893143
MLS Listing,,Single Family Residential,7511 Plein Aire,San Diego,CA,92127,4295000,5,6,Santaluz,5545,,2007,3,775,550,Active,,,https://www.redfin.com/CA/San-Diego/7511-Plein-Aire-Ct-92127/home/7463525,SDMLS,220025336,N,Y,32.9958681,-117.1683394
MLS Listing,,Condo/Co-op,530 K St #1013,San Diego,CA,92101,689000,2,2,San Diego,943,30080,2005,3,731,650,Active,,,https://www.redfin.com/CA/San-Diego/530-K-St-92101/unit-1013/home/6655139,SDMLS,220025334,N,Y,32.7085215,-117.1596088
MLS Listing,,Single Family Residential,4471 Long Branch Ave,San Diego,CA,92107,999000,2,1,Ocean Beach,902,4000,1927,3,1108,,Active,,,https://www.redfin.com/CA/San-Diego/4471-Long-Branch-Ave-92107/home/5339163,SDMLS,220025333,N,Y,32.7451086,-117.2386986
MLS Listing,,Single Family Residential,2219 32nd St,San Diego,CA,92104,970000,2,1,92104 - North Park,784,5000,1926,3,1237,,Active,,,https://www.redfin.com/CA/San-Diego/2219-32nd-St-92104/home/5817284,CRMLS,ND22216906,N,Y,32.7290347,-117.1251195
MLS Listing,,Condo/Co-op,1940 3rd Ave #403,San Diego,CA,92101,795000,2,2,San Diego,861,,1981,3,923,523,Active,,,https://www.redfin.com/CA/San-Diego/1940-3rd-Ave-92101/unit-403/home/5751259,SDMLS,220025331,N,Y,32.7256984,-117.162274
MLS Listing,,Single Family Residential,15992 Sarah Ridge Ct,San Diego,CA,92127,2499000,5,4.5,Rancho Bernardo,3894,12175,2018,3,642,181,Active,October-9-2022 11:00 AM,October-9-2022 04:00 PM,https://www.redfin.com/CA/San-Diego/15992-Sarah-Ridge-Ct-92129/home/144493626,SDMLS,220025325,N,Y,32.9926566,-117.101771
MLS Listing,,Condo/Co-op,,San Diego,CA,92101,1235000,2,2,Downtown,1262,,2009,1,979,917,Active,,,https://www.redfin.com/CA/San-Diego/Pacific-Hwy-92101/home/22644841,SDMLS,220025323,N,Y,32.7203821,-117.1703611
MLS Listing,,Condo/Co-op,17937 Avenida Alozdra,San Diego,CA,92128,735000,2,2,Rancho Bernardo,1328,,1988,3,553,385,Active,October-9-2022 01:00 PM,October-9-2022 04:00 PM,https://www.redfin.com/CA/San-Diego/17937-Avenida-Alozdra-92128/home/4212934,SDMLS,220025321,N,Y,33.0400373,-117.0489235
MLS Listing,,Townhouse,550 15Th St #609,San Diego,CA,92101,429800,0,1,San Diego,725,,2006,3,593,506,Active,,,https://www.redfin.com/CA/San-Diego/550-15th-St-92101/unit-609/home/7545249,SDMLS,220025318,N,Y,32.7113355,-117.1506941
MLS Listing,,Townhouse,9230 Lake Murray Blvd Unit G,San Diego,CA,92119,690000,3,2.5,San Carlos,1745,79937,1986,3,395,410,Active,,,https://www.redfin.com/CA/San-Diego/9230-Lake-Murray-Blvd-92119/unit-G/home/4979074,SDMLS,SDC0000497,N,Y,32.8123566,-117.0088336
MLS Listing,,Single Family Residential,3430 Lowell St,San Diego,CA,92106,2875000,4,3,Point Loma,2654,5563,2007,3,1083,,Active,,,https://www.redfin.com/CA/San-Diego/3430-Lowell-St-92106/home/12153144,SDMLS,220025312,N,Y,32.7315244,-117.2301548
MLS Listing,,Single Family Residential,10167 Drumcliff Ave,San Diego,CA,92126,899500,3,2,Mira Mesa,1777,5000,1972,3,506,,Active,October-9-2022 01:00 PM,October-9-2022 04:00 PM,https://www.redfin.com/CA/San-Diego/10167-Drumcliff-Ave-92126/home/4851867,SDMLS,220025311,N,Y,32.9026065,-117.14171
MLS Listing,,Single Family Residential,842 Banneker Dr,San Diego,CA,92114,689900,4,2,Encanto,1628,4677,1978,3,424,,Active,,,https://www.redfin.com/CA/San-Diego/842-Banneker-Dr-92114/home/6014569,SDMLS,220025308,N,Y,32.7123773,-117.0332271
MLS Listing,,Condo/Co-op,12415 Horado Rd,San Diego,CA,92128,897500,2,2,92128 - Rancho Bernardo,1402,6200,1964,3,640,35,Active,October-9-2022 02:00 PM,October-9-2022 05:00 PM,https://www.redfin.com/CA/San-Diego/12415-Horado-Rd-92128/home/4244094,CRMLS,NDP2210165,N,Y,33.0116104,-117.0617783
MLS Listing,,Single Family Residential,11025 Bootes St,San Diego,CA,92126,875000,4,2,Mira Mesa,1614,5400,1972,3,542,23,Active,,,https://www.redfin.com/CA/San-Diego/11025-Bootes-St-92126/home/4796460,SDMLS,220025296,N,Y,32.9211515,-117.132289
MLS Listing,,Condo/Co-op,2610 Torrey Pines Rd Unit D-26,La Jolla,CA,92037,765000,2,2,La Jolla,1160,,1966,3,659,623,Active,,,https://www.redfin.com/CA/La-Jolla/2610-Torrey-Pines-Rd-92037/unit-D26/home/4879295,SDMLS,220025295,N,Y,32.852002,-117.247423
MLS Listing,,Single Family Residential,4778 Thurston Pl,San Diego,CA,92130,2899000,5,3.5,Carmel Valley,3502,8859,1992,3,828,74,Active,October-9-2022 01:00 PM,October-9-2022 04:00 PM,https://www.redfin.com/CA/San-Diego/4778-Thurston-Pl-92130/home/6275606,SDMLS,220025288,N,Y,32.9630437,-117.2146281
MLS Listing,,Single Family Residential,1820 Diamond,San Diego,CA,92109,795000,2,1,Pacific Beach,750,,1979,3,1060,,Active,,,https://www.redfin.com/CA/San-Diego/1820-Diamond-St-92109/home/182164716,SDMLS,220025285,N,Y,32.8038865,-117.2375714
MLS Listing,,Townhouse,4240 Menlo Ave #11,San Diego,CA,92115,379000,1,1,San Diego,663,,1982,3,572,276,Active,,,https://www.redfin.com/CA/San-Diego/4240-Menlo-Ave-92115/unit-11/home/5496897,SDMLS,220025286,N,Y,32.7540779,-117.0948073
MLS Listing,,Townhouse,2862 6Th Ave #102,San Diego,CA,92103,2575000,3,3.5,San Diego,2765,,2018,3,931,2025,Active,,,https://www.redfin.com/CA/San-Diego/2862-Sixth-Ave-92103/unit-102/home/167587910,SDMLS,220025283,N,Y,32.735382,-117.1597983
MLS Listing,,Single Family Residential,6788 Madrone,San Diego,CA,92114,640000,3,3,San Diego,1206,,1956,3,531,,Active,October-9-2022 01:00 PM,October-9-2022 04:00 PM,https://www.redfin.com/CA/San-Diego/6788-Madrone-Ave-92114/home/6437782,SDMLS,220025280,N,Y,32.709027,-117.05171
MLS Listing,,Single Family Residential,6145 Baltimore Dr,La Mesa,CA,91942,1045000,3,3,La Mesa,1730,,1964,3,604,,Active,,,https://www.redfin.com/CA/La-Mesa/6145-Baltimore-Dr-91942/home/6246475,SDMLS,220025278,N,Y,32.7903414,-117.0362157
MLS Listing,,Single Family Residential,2916 Larkin Pl,San Diego,CA,92123,990000,4,2.5,Serra Mesa,1824,6000,1961,1,543,,Active,,,https://www.redfin.com/CA/San-Diego/2916-Larkin-Pl-92123/home/5214854,SDMLS,220025276,N,Y,32.7963058,-117.1346098
MLS Listing,,Single Family Residential,7960 Cicada Ct,San Diego,CA,92129,1500000,4,3,Rancho Penasquitos,2284,36154,1993,3,657,,Active,,,https://www.redfin.com/CA/San-Diego/7960-Cicada-Ct-92129/home/4556384,SDMLS,220025273,N,Y,32.9437342,-117.1514064
MLS Listing,,Single Family Residential,4981 Mount Antero Dr,San Diego,CA,92111,939000,3,2,92111 - Linda Vista,1196,6100,1961,3,785,,Active,,,https://www.redfin.com/CA/San-Diego/4981-Mt-Antero-Dr-92111/home/5154809,CRMLS,NDP2210158,N,Y,32.8086015,-117.1875223
MLS Listing,,Condo/Co-op,12670 Springbrook Dr Unit C,San Diego,CA,92128,759000,2,2,San Diego,1200,,1993,3,633,388,Active,,,https://www.redfin.com/CA/San-Diego/12670-Springbrook-Dr-92128/unit-C/home/4780669,SDMLS,220025272,N,Y,32.9463868,-117.0854975
MLS Listing,,Single Family Residential,6972 Glidden St,San Diego,CA,92111,849999,3,2,San Diego,1038,5400,1950,3,819,,Active,,,https://www.redfin.com/CA/San-Diego/6972-Glidden-St-92111/home/5243973,SDMLS,220025262,N,Y,32.7738936,-117.1698787
MLS Listing,,Single Family Residential,6982 Enders Ave,San Diego,CA,92122,1399000,5,2,University City,1680,6600,1970,3,833,,Active,,,https://www.redfin.com/CA/San-Diego/6982-Enders-Ave-92122/home/4898335,SDMLS,220025260,N,Y,32.8566631,-117.1882574
MLS Listing,,Condo/Co-op,5055 Collwood Blvd #220,San Diego,CA,92115,515000,2,2,San Diego,971,,1974,3,530,325,Active,,,https://www.redfin.com/CA/San-Diego/5055-Collwood-Blvd-92115/unit-220/home/5469426,SDMLS,220025259,N,Y,32.7695388,-117.0853841
MLS Listing,,Condo/Co-op,3234 Ashford St Unit K,Linda Vista,CA,92111,385000,2,1,92111 - Linda Vista,716,,1975,3,538,356,Active,,,https://www.redfin.com/CA/San-Diego/3234-Ashford-St-92111/unit-K/home/5208836,CRMLS,PTP2206565,N,Y,32.8032569,-117.1600918
MLS Listing,,Single Family Residential,6422 50th St,San Diego,CA,92120,829000,3,2,92120 - Del Cerro,1294,5600,1955,3,641,,Active,,,https://www.redfin.com/CA/San-Diego/6422-50th-St-92120/home/5430584,CRMLS,PTP2206559,N,Y,32.7901391,-117.0860507
MLS Listing,,Single Family Residential,3337 L St,San Diego,CA,92102,680000,3,2,92113 - Logan Heights,1474,6250,1925,3,461,,Active,,,https://www.redfin.com/CA/San-Diego/3337-L-St-92102/home/5858942,CRMLS,PTP2206560,N,Y,32.7074513,-117.1217185
MLS Listing,,Single Family Residential,8150 Silverwind Dr,San Diego,CA,92127,4100000,5,5.5,92127 - Rancho Bernardo,4936,28749,2020,3,831,520,Active,,,https://www.redfin.com/CA/San-Diego/8150-Silverwind-Dr-92127/home/22647201,CRMLS,NDP2210154,N,Y,33.0240024,-117.14279
MLS Listing,,Condo/Co-op,500 W Harbor Dr #130,San Diego,CA,92101,1099900,2,2.5,Downtown,1609,102536,1994,3,684,1044,Active,,,https://www.redfin.com/CA/San-Diego/500-W-Harbor-Dr-92101/unit-130/home/6458037,SDMLS,220025254,N,Y,32.7109658,-117.1664555
MLS Listing,,Single Family Residential,2351 Star Pine Dr,Lemon Grove,CA,91945,659999,3,2.5,Lemon Grove,1576,,1994,3,419,78,Active,October-9-2022 02:00 PM,October-9-2022 04:00 PM,https://www.redfin.com/CA/Lemon-Grove/2351-Star-Pine-Dr-91945/home/22263904,SDMLS,220025250,N,Y,32.7306246,-117.05879
MLS Listing,,Townhouse,12680 Elisa Ln #221,San Diego,CA,92128,769000,3,2,Sabre Spr,1227,,2005,3,627,325,Active,,,https://www.redfin.com/CA/San-Diego/12680-Elisa-Ln-92128/unit-221/home/6668163,SDMLS,220025249,N,Y,32.9481833,-117.0949912
MLS Listing,,Single Family Residential,1725 W Montecito,San Diego,CA,92103,1895000,3,3,Mission Hills,1928,5300,1950,4,983,,Active,,,https://www.redfin.com/CA/San-Diego/1725-W-Montecito-Way-92103/home/5282212,SDMLS,220025244,N,Y,32.7523626,-117.1791257
MLS Listing,,Condo/Co-op,620 State St #123,San Diego,CA,92101,750000,2,2,San Diego,1048,42936,1989,3,716,552,Active,,,https://www.redfin.com/CA/San-Diego/620-State-St-92101/unit-123/home/5770904,SDMLS,220025241,N,Y,32.7117657,-117.1667085
MLS Listing,,Condo/Co-op,5452 Adobe Fls #2,San Diego,CA,92120,470000,2,2,Del Cerro,1144,,2000,4,411,390,Pre On-Market,,,https://www.redfin.com/CA/San-Diego/5452-Adobe-Falls-Rd-92120/unit-2/home/5439672,SDMLS,220025240,N,Y,32.7818037,-117.0819383
MLS Listing,,Condo/Co-op,5661 Adobe Falls Rd,San Diego,CA,92120,775000,3,2,San Diego,1368,,1981,2,567,550,Active,,,https://www.redfin.com/CA/San-Diego/5661-Adobe-Falls-Rd-92120/home/182151578,SDMLS,220025239,N,Y,32.7809569,-117.0778912
MLS Listing,,Single Family Residential,3017 Goldsmith St,San Diego,CA,92106,1699000,4,2,Point Loma,1794,6334,1925,4,947,,Active,October-9-2022 12:00 PM,October-9-2022 04:00 PM,https://www.redfin.com/CA/San-Diego/3017-Goldsmith-St-92106/home/5357175,SDMLS,220025238,N,Y,32.7413463,-117.2157306
MLS Listing,,Single Family Residential,15155 Segovia Ct,San Diego,CA,92129,1190000,3,2.5,Rancho Penasquitos,1760,,1970,4,676,,Active,,,https://www.redfin.com/CA/San-Diego/15155-Segovia-Ct-92129/home/4613420,SDMLS,220025235,N,Y,32.9892998,-117.0863265
MLS Listing,,Multi-Family (2-4 Unit),3144-3148 Newton,San Diego,CA,92113,1049000,8,4,Logan Heights,2439,8993,1920,4,430,,Active,,,https://www.redfin.com/CA/San-Diego/3144-Newton-Ave-92113/home/5890442,SDMLS,220025234,N,Y,32.6951506,-117.1263144
MLS Listing,,Townhouse,11056 Via San Marco,San Diego,CA,92129,625000,2,1.5,Rancho Penasquitos,1056,,1972,4,592,395,Active,,,https://www.redfin.com/CA/San-Diego/11056-Via-San-Marco-92129/home/4615666,SDMLS,220025230,N,Y,32.9679316,-117.0956611
MLS Listing,,Single Family Residential,2201 La Amatista Rd,Del Mar,CA,92014,6250000,3,3,92014 - Del Mar,3020,7000,1978,2,2070,,Active,,,https://www.redfin.com/CA/Del-Mar/2201-La-Amatista-Rd-92014/home/4424703,CRMLS,NP22211439,N,Y,32.9507044,-117.2590001
MLS Listing,,Single Family Residential,17033 Silver Crest Dr,San Diego,CA,92127,1795000,5,4.5,Rancho Bernardo,3390,5689,2006,4,529,90,Active,,,https://www.redfin.com/CA/San-Diego/17033-Silver-Crest-Dr-92127/home/6679643,SDMLS,220025229,N,Y,33.025816,-117.114089
MLS Listing,,Townhouse,12551 El Camino Real Unit E,San Diego,CA,92130,1219000,3,2.5,Carmel Valley,1564,,1997,4,779,375,Active,October-9-2022 01:00 PM,October-9-2022 04:00 PM,https://www.redfin.com/CA/San-Diego/12551-El-Camino-Real-92130/unit-E/home/4516138,SDMLS,220025228,N,Y,32.9457974,-117.2349806
MLS Listing,,Single Family Residential,4595 Mount King Dr,San Diego,CA,92117,1049000,3,2,Clairemont,1318,6900,1959,4,796,,Active,,,https://www.redfin.com/CA/San-Diego/4595-Mt-King-Dr-92117/home/4961015,SDMLS,220025226,N,Y,32.8234633,-117.194414
MLS Listing,,Single Family Residential,7740 Eads Ave,La Jolla,CA,92037,4650000,7,9,La Jolla,6678,3911,2003,4,696,,Active,,,https://www.redfin.com/CA/La-Jolla/7740-Eads-Ave-92037/home/4907582,SDMLS,220025224,N,Y,32.843705,-117.276669
MLS Listing,,Single Family Residential,2544 Arnott St,San Diego,CA,92110,1490000,4,2.5,Bay Park,2116,11400,1966,4,704,,Active,October-9-2022 10:00 AM,October-9-2022 04:00 PM,https://www.redfin.com/CA/San-Diego/2544-Arnott-St-92110/home/5219650,SDMLS,220025223,N,Y,32.787033,-117.1937707
MLS Listing,,Townhouse,425 W Beech St #1704,San Diego,CA,92101,1081000,3,2.5,Downtown,1458,,2004,4,741,898,Active,,,https://www.redfin.com/CA/San-Diego/425-W-Beech-St-92101/unit-1704/home/6674501,SDMLS,220025221,N,Y,32.7206773,-117.1668231
MLS Listing,,Single Family Residential,2382 Chalcedony St,San Diego,CA,92109,1598300,3,2,Pacific Beach,1902,2600,1973,3,840,,Active,,,https://www.redfin.com/CA/San-Diego/2382-Chalcedony-St-92109/home/5145758,SDMLS,220025218,N,Y,32.8078028,-117.227858
MLS Listing,,Single Family Residential,1027 Manchester St,National City,CA,91950,685000,3,2,National City,1141,7300,1959,4,600,,Active,,,https://www.redfin.com/CA/National-City/1027-Manchester-St-91950/home/6229218,SDMLS,220025216,N,Y,32.6838639,-117.0696396
MLS Listing,,Condo/Co-op,877 Island Ave #407,San Diego,CA,92101,975000,2,2,Downtown,1674,40120,2002,4,582,785,Active,,,https://www.redfin.com/CA/San-Diego/877-Island-Ave-92101/unit-407/home/6587242,SDMLS,220025217,N,Y,32.7102058,-117.1568674
MLS Listing,,Single Family Residential,5074 La Paz Dr,San Diego,CA,92113,629500,3,2,San Diego,1050,5300,1956,3,600,,Active,October-9-2022 10:00 AM,October-9-2022 04:00 PM,https://www.redfin.com/CA/San-Diego/5074-La-Paz-Dr-92113/home/5877076,SDMLS,220025214,N,Y,32.6983151,-117.0856829
MLS Listing,,Townhouse,1787 Bayview Heights Dr #77,San Diego,CA,92105,319999,1,1,City Heights,521,187812,1979,2,614,238,Active,,,https://www.redfin.com/CA/San-Diego/1787-Bayview-Heights-Dr-92105/unit-77/home/6646169,SDMLS,220025212,N,Y,32.7237958,-117.0778912
MLS Listing,,Single Family Residential,5186 Maynard St,San Diego,CA,92122,2375000,5,5,University City,3706,8283,2022,4,641,,Active,,,https://www.redfin.com/CA/San-Diego/5186-Maynard-St-92122/home/4904512,SDMLS,220025210,N,Y,32.8497466,-117.1834102
MLS Listing,,Condo/Co-op,702 Ash St #406,San Diego,CA,92101,639000,2,2,Downtown,1120,,1929,3,571,932,Active,,,https://www.redfin.com/CA/San-Diego/702-Ash-St-92101/unit-406/home/11915901,SDMLS,220025206,N,Y,32.7202803,-117.1579149
MLS Listing,,Single Family Residential,4612 Seda Dr,San Diego,CA,92124,1125000,4,3,Tierrasanta,2474,9000,1977,4,455,,Active,,,https://www.redfin.com/CA/San-Diego/4612-Seda-Dr-92124/home/4990884,SDMLS,220025205,N,Y,32.8242406,-117.0830398
MLS Listing,,Single Family Residential,11787 Mandrake Ct,San Diego,CA,92131,1699900,4,2.5,Scripps Ranch,2379,12819,1999,4,715,42,Active,October-9-2022 01:00 PM,October-9-2022 04:00 PM,https://www.redfin.com/CA/San-Diego/11787-Mandrake-Ct-92131/home/4826701,SDMLS,220025204,N,Y,32.9244422,-117.0771787
MLS Listing,,Single Family Residential,3610 Gaylord Ct,San Diego,CA,92117,985000,3,2,Clairemont,1290,,1965,4,764,,Active,,,https://www.redfin.com/CA/San-Diego/3610-Gaylord-Ct-92117/home/6237923,SDMLS,220025199,N,Y,32.8415639,-117.209391
MLS Listing,,Condo/Co-op,645 Front St #1809,San Diego,CA,92101,1190000,2,2.5,Downtown,1713,59317,2003,4,695,1089,Active,October-9-2022 01:00 PM,October-9-2022 04:00 PM,https://www.redfin.com/CA/San-Diego/645-Front-St-92101/unit-1809/home/6587171,SDMLS,220025196,N,Y,32.7122584,-117.1645506
MLS Listing,,Single Family Residential,10377 Red Cedar Pl,San Diego,CA,92131,1150000,4,3,Scripps Ranch,1690,,1973,4,680,,Pre On-Market,,,https://www.redfin.com/CA/San-Diego/10377-Red-Cedar-Pl-92131/home/182148042,SDMLS,220025195,N,Y,32.9090351,-117.0918496
MLS Listing,,Single Family Residential,5634 Camber Pl,San Diego,CA,92117,1024900,3,2,Clairemont,1080,,1966,4,949,,Active,,,https://www.redfin.com/CA/San-Diego/5634-Camber-Pl-92117/home/4969607,SDMLS,220025194,N,Y,32.824211,-117.1764033
MLS Listing,,Single Family Residential,18143 Sun Maiden Ct,San Diego,CA,92127,1425000,4,3,Rancho Bernardo,2857,6126,1989,4,499,91,Active,,,https://www.redfin.com/CA/San-Diego/18143-Sun-Maiden-Ct-92127/home/6265621,SDMLS,220025193,N,Y,33.0404218,-117.0895901
MLS Listing,,Single Family Residential,634 Arenas St,La Jolla,CA,92037,2450000,2,2,La Jolla,1514,,1943,4,1618,,Active,,,https://www.redfin.com/CA/La-Jolla/634-Arenas-St-92037/home/4913645,SDMLS,220025190,N,Y,32.8356533,-117.2757634
MLS Listing,,Multi-Family (2-4 Unit),6737-43 Thomson Ct,San Diego,CA,92111,2295000,10,6,Linda Vista,4000,,2022,4,574,,Active,,,https://www.redfin.com/CA/San-Diego/6737-Thomson-Ct-92111/home/5221095,SDMLS,220025188,N,Y,32.7900915,-117.17406
MLS Listing,,Condo/Co-op,2400 5th Ave #217,San Diego,CA,92101,599950,1,1,San Diego,800,,2003,4,750,525,Active,,,https://www.redfin.com/CA/San-Diego/2400-Fifth-Ave-92101/unit-217/home/7543207,SDMLS,220025183,N,Y,32.7308032,-117.1604704
MLS Listing,,Townhouse,3665 Marlesta,San Diego,CA,92111,699900,2,2.5,Linda Vista,1470,,1986,4,476,420,Active,,,https://www.redfin.com/CA/San-Diego/3665-Marlesta-Dr-92111/home/5170270,SDMLS,220025181,N,Y,32.8107421,-117.1683886
MLS Listing,,Single Family Residential,9608 Deer Trail Dr,San Diego,CA,92127,2495000,5,4.5,Rancho Bernardo,3870,11129,2003,4,645,90,Active,October-9-2022 01:00 PM,October-9-2022 04:00 PM,https://www.redfin.com/CA/San-Diego/9608-Deer-Trail-Dr-92127/home/6493973,SDMLS,220025180,N,Y,33.0048698,-117.1215576
MLS Listing,,Condo/Co-op,2900 Via Alta Pl,San Diego,CA,92108,1249000,3,3,92108 - Mission Valley,1515,296000,2020,4,824,471,Active,,,https://www.redfin.com/CA/San-Diego/2900-Via-Alta-Pl-92108/home/144891905,CRMLS,PW22215965,N,Y,32.78317,-117.145065
MLS Listing,,Single Family Residential,3851 Curtis,San Diego,CA,92110,1475000,4,2,Point Loma,1672,8300,1965,3,882,,Active,,,https://www.redfin.com/CA/San-Diego/3851-Curtis-St-92110/home/5348341,SDMLS,220025178,N,Y,32.745238,-117.227169
MLS Listing,,Condo/Co-op,845 Fort Stockton Dr #507,San Diego,CA,92103,1250000,2,2,92103 - Mission Hills,1319,,2009,4,948,683,Active,,,https://www.redfin.com/CA/San-Diego/845-Fort-Stockton-Dr-92103/unit-507/home/35629849,CRMLS,PTP2206540,N,Y,32.7506535,-117.1709475
MLS Listing,,Single Family Residential,15710 Kristen Gln,San Diego,CA,92127,1450000,4,2.5,Rancho Bernardo,2360,3312,2010,4,614,168,Active,October-9-2022 01:00 PM,October-9-2022 04:00 PM,https://www.redfin.com/CA/San-Diego/15710-Kristen-Gln-92127/home/22390268,SDMLS,220025173,N,Y,33.013738,-117.1395961
MLS Listing,,Condo/Co-op,10797 San Diego Mission Rd #313,San Diego,CA,92108,454900,2,1,Mission Valley,766,,1981,4,594,376,Active,,,https://www.redfin.com/CA/San-Diego/10797-San-Diego-Mission-Rd-92108/unit-313/home/5233069,SDMLS,220025171,N,Y,32.7835926,-117.1075854
MLS Listing,,Single Family Residential,3762 Mount Abbey Ave,San Diego,CA,92111,939000,3,2,92117 - Clairemont Mesa,1667,5100,1959,4,563,,Active,,,https://www.redfin.com/CA/San-Diego/3762-Mt-Abbey-Ave-92111/home/5153649,CRMLS,OC22215345,N,Y,32.8100911,-117.1806305
MLS Listing,,Condo/Co-op,3060 6th Ave #31,San Diego,CA,92103,749000,2,2,92103 - Mission Hills,1330,14579,1991,4,563,930,Active,,,https://www.redfin.com/CA/San-Diego/3060-Sixth-Ave-92103/unit-31/home/5377005,CRMLS,NDP2210110,N,Y,32.7373509,-117.159721
MLS Listing,,Condo/Co-op,3950 Ohio St #515,San Diego,CA,92104,700000,2,1,North Park,1095,54842,2006,4,639,473,Active,,,https://www.redfin.com/CA/San-Diego/3950-Ohio-St-92104/unit-515/home/12162772,SDMLS,220025165,N,Y,32.7497431,-117.1291868
MLS Listing,,Single Family Residential,6919 Colorado Ave,La Mesa,CA,91942,1075000,4,3,La Mesa,1626,8474,1953,4,661,,Active,,,https://www.redfin.com/CA/La-Mesa/6919-Colorado-Ave-91942/home/5449144,SDMLS,220025164,N,Y,32.7780345,-117.0468365
MLS Listing,,Single Family Residential,,San Diego,CA,92106,869000,3,2,Point Loma,973,6500,1950,4,893,,Active,October-9-2022 01:00 PM,October-9-2022 04:00 PM,https://www.redfin.com/CA/San-Diego/Lucerne-Dr-92106/home/5346979,SDMLS,220025162,N,Y,32.7420088,-117.2268474
MLS Listing,,Single Family Residential,5566 Michael St,San Diego,CA,92105,685000,2,1,East San Diego,780,,1950,5,878,,Active,October-9-2022 12:00 PM,October-9-2022 05:00 PM,https://www.redfin.com/CA/San-Diego/5566-Michael-St-92105/home/5540330,SDMLS,220025157,N,Y,32.7435211,-117.0753399
MLS Listing,,Single Family Residential,4192 Rochester Rd,San Diego,CA,92116,1899990,4,3,Kensington,2347,16970,1927,5,810,,Pre On-Market,,,https://www.redfin.com/CA/San-Diego/4192-Rochester-Rd-92116/home/5454696,SDMLS,220025154,N,Y,32.7691425,-117.1045288
MLS Listing,,Townhouse,16935 Laurel Hill Ln Unit 177,San Diego,CA,92127,869999,3,3.5,Rancho Bernardo,1460,,2006,5,596,220,Active,,,https://www.redfin.com/CA/San-Diego/16935-Laurel-Hill-Ln-92127/unit-177/home/7535181,SDMLS,220025150,N,Y,33.0234723,-117.1136216
MLS Listing,,Condo/Co-op,4434 Louisiana St #10,San Diego,CA,92116,625000,2,2,University Heights,776,13983,1986,2,805,290,Active,,,https://www.redfin.com/CA/San-Diego/4434-Louisiana-St-92116/unit-10/home/5297701,SDMLS,220025149,N,Y,32.7579593,-117.1404233
MLS Listing,,Condo/Co-op,17812 Corte Huasco #64,San Diego,CA,92128,764900,3,2,Rancho Bernardo,1350,,1981,5,567,385,Active,October-9-2022 01:00 PM,October-9-2022 04:00 PM,https://www.redfin.com/CA/San-Diego/17812-Corte-Huasco-92128/unit-64/home/4207898,SDMLS,220025145,N,Y,33.0412429,-117.0528152
MLS Listing,,Single Family Residential,413 SAN PLACIDO Ct,Escondido,CA,92029,1549000,4,2.5,92029 - Escondido,3159,37461,1987,5,490,20,Active,October-9-2022 01:00 PM,October-9-2022 04:00 PM,https://www.redfin.com/CA/Escondido/413-San-Placido-Ct-92029/home/4214084,CRMLS,NDP2210099,N,Y,33.0630661,-117.0777993
MLS Listing,,Single Family Residential,10827 Caminito Arcada,San Diego,CA,92131,950000,3,2.5,Scripps Ranch,1320,,1998,3,720,100,Active,October-9-2022 01:00 PM,October-9-2022 04:00 PM,https://www.redfin.com/CA/San-Diego/10827-Caminito-Arcada-92131/home/4825945,SDMLS,220025143,N,Y,32.9321261,-117.0956542
MLS Listing,,Single Family Residential,3574 Poe St,San Diego,CA,92106,1249000,3,1.5,Point Loma,1196,4000,1948,5,1044,,Active,October-9-2022 01:00 PM,October-9-2022 04:00 PM,https://www.redfin.com/CA/San-Diego/3574-Poe-St-92106/home/5346005,SDMLS,220025142,N,Y,32.7356778,-117.2291442
MLS Listing,,Townhouse,1667 Pentecost Way #7,San Diego,CA,92105,399999,2,1,San Diego,813,,1980,5,492,350,Active,,,https://www.redfin.com/CA/San-Diego/1667-Pentecost-Way-92105/unit-7/home/5843378,SDMLS,220025140,N,Y,32.722702,-117.081383
MLS Listing,,Single Family Residential,3012 Jr Robles Rd,National City,CA,91950,749000,4,2.5,National City,1992,4499,2008,5,376,237,Pre On-Market,,,https://www.redfin.com/CA/National-City/3012-Jr-Robles-Rd-91950/home/21902214,SDMLS,220025139,N,Y,32.6682629,-117.0678467
MLS Listing,,Condo/Co-op,4205 Asher St #31,San Diego,CA,92110,499000,2,2,Bay Park,1102,122613,1976,5,453,450,Pre On-Market,,,https://www.redfin.com/CA/San-Diego/4205-Asher-St-92110/unit-31/home/5218747,SDMLS,220025138,N,Y,32.7782882,-117.206601
MLS Listing,,Single Family Residential,6965 Lalley Ln,San Diego,CA,92119,1059000,4,2.5,San Carlos,2006,5700,1965,5,528,,Active,,,https://www.redfin.com/CA/San-Diego/6965-Lalley-Ln-92119/home/5423441,SDMLS,220025137,N,Y,32.8091436,-117.0141448
MLS Listing,,Townhouse,3793 Balboa Ter Unit A,San Diego,CA,92117,899000,3,2,Clairemont,1659,,1982,5,542,425,Active,October-9-2022 01:00 PM,October-9-2022 04:00 PM,https://www.redfin.com/CA/San-Diego/3793-Balboa-Ter-92117/unit-A/home/6254455,SDMLS,220025135,N,Y,32.8121034,-117.2081046
MLS Listing,,Condo/Co-op,4114 Ohio St #203,San Diego,CA,92104,515000,2,1,North Park,704,6992,1982,5,732,225,Active,,,https://www.redfin.com/CA/San-Diego/4114-Ohio-St-92104/unit-203/home/5310607,SDMLS,220025131,N,Y,32.7525123,-117.1293017
MLS Listing,,Single Family Residential,836 Carlsbad St,San Diego,CA,92114,672000,4,2,92114 - Encanto,1430,7100,1974,5,470,,Active,,,https://www.redfin.com/CA/San-Diego/836-Carlsbad-St-92114/home/6443220,CRMLS,OC22215557,N,Y,32.7091178,-117.0187431
MLS Listing,,Condo/Co-op,2222 River Run Dr #134,San Diego,CA,92108,540000,2,1,Mission Valley,928,,1985,5,582,408,Active,,,https://www.redfin.com/CA/San-Diego/2222-River-Run-Dr-92108/unit-134/home/5227672,SDMLS,220025129,N,Y,32.7778202,-117.1347936
MLS Listing,,Condo/Co-op,1631 Pentecost Way #2,San Diego,CA,92105,405000,2,1,92105 - East San Diego,813,,1980,5,498,350,Active,,,https://www.redfin.com/CA/San-Diego/1631-Pentecost-Way-92105/unit-2/home/5842330,CRMLS,PTP2206529,N,Y,32.7227707,-117.0823033
MLS Listing,,Single Family Residential,5717 Robusto Rd,San Diego,CA,92124,1125000,5,2.5,92124 - Tierrasanta,1887,6300,1972,2,596,,Active,,,https://www.redfin.com/CA/San-Diego/5717-Robusto-Rd-92124/home/4984238,CRMLS,NDP2210095,N,Y,32.8359456,-117.1070338
MLS Listing,,Single Family Residential,7935 El Paso St,La Mesa,CA,91942,940000,3,3,La Mesa,1701,7300,1960,5,553,,Active,,,https://www.redfin.com/CA/La-Mesa/7935-El-Paso-St-91942/home/6250887,SDMLS,220025128,N,Y,32.7900726,-117.026652
MLS Listing,,Condo/Co-op,10891 Creekbridge Pl,San Diego,CA,92128,800000,2,2.5,San Diego,1273,210518,1992,5,628,58,Active,,,https://www.redfin.com/CA/San-Diego/10891-Creekbridge-Pl-92128/home/4777567,SDMLS,220025124,N,Y,32.9454981,-117.0948418
MLS Listing,,Condo/Co-op,445 Island Ave #605,San Diego,CA,92101,799900,2,2,San Diego,1113,24323,2006,5,719,513,Active,,,https://www.redfin.com/CA/San-Diego/445-Island-Ave-92101/unit-605/home/7517671,SDMLS,220025125,N,Y,32.7101994,-117.1605845
MLS Listing,,Single Family Residential,7235 Fargate Ter,San Diego,CA,92126,1139000,4,2.5,Mira Mesa,1920,3720,1992,3,593,,Active,,,https://www.redfin.com/CA/San-Diego/7235-Fargate-Ter-92126/home/4592924,SDMLS,220025122,N,Y,32.9098064,-117.1652837
MLS Listing,,Single Family Residential,5039 Art St,San Diego,CA,92115,865000,4,1.5,San Diego,1223,5700,1953,5,707,,Active,,,https://www.redfin.com/CA/San-Diego/5039-Art-St-92115/home/5471856,SDMLS,220025121,N,Y,32.7693432,-117.0629736
MLS Listing,,Multi-Family (2-4 Unit),1566 Reed Ave,San Diego,CA,92109,1295000,,,92109 - Pacific Beach,950,3122,1951,5,1363,,Active,,,https://www.redfin.com/CA/San-Diego/1566-Reed-Ave-92109/home/6417089,CRMLS,NDP2210089,N,Y,32.7960774,-117.2401799
MLS Listing,,Condo/Co-op,2920 Briarwood Rd Unit G8,Bonita,CA,91902,285000,1,1,Bonita,639,270943,1980,4,446,308,Active,,,https://www.redfin.com/CA/Bonita/2920-Briarwood-Rd-91902/unit-G8/home/6057065,SDMLS,220025119,N,Y,32.6798863,-117.0301695
MLS Listing,,Multi-Family (2-4 Unit),4833-35 Lantana Dr,San Diego,CA,92105,950000,5,4,City Heights,2150,5900,1940,5,442,,Active,,,https://www.redfin.com/CA/San-Diego/4833-Lantana-Dr-92105/home/5506423,SDMLS,220025113,N,Y,32.7455625,-117.0910014
MLS Listing,,Single Family Residential,2180 Iris Ave,San Diego,CA,92154,699000,3,2,Imperial Beach,1200,6000,1959,5,583,,Active,,,https://www.redfin.com/CA/San-Diego/2180-Iris-Ave-92154/home/6174601,SDMLS,220025118,N,Y,32.5694179,-117.0863265
MLS Listing,,Condo/Co-op,701 Kettner Blvd #110,San Diego,CA,92101,769900,2,1,Downtown,1029,169994,1983,5,748,564,Active,,,https://www.redfin.com/CA/San-Diego/701-Kettner-Blvd-92101/unit-110/home/5752139,SDMLS,220025117,N,Y,32.713212,-117.1686381
MLS Listing,,Single Family Residential,421 W San Ysidro Blvd,San Ysidro,CA,92173,630000,3,1,San Ysidro,1232,12799,1955,5,511,,Active,,,https://www.redfin.com/CA/San-Ysidro/421-W-San-Ysidro-Blvd-92173/home/6184717,SDMLS,220025109,N,Y,32.5559421,-117.0523536
MLS Listing,,Townhouse,2930 Cowley Way #104,San Diego,CA,92117,785000,2,2,Bay Park,1364,,1981,5,576,545,Active,,,https://www.redfin.com/CA/San-Diego/2930-Cowley-Way-92117/unit-104/home/5204310,SDMLS,220025103,N,Y,32.7954594,-117.1913128
MLS Listing,,Single Family Residential,3430 Meade Ave,San Diego,CA,92116,999000,3,2,Normal Heights,1198,3357,1940,5,834,,Active,,,https://www.redfin.com/CA/San-Diego/3430-Meade-Ave-92116/home/5314879,SDMLS,220025106,N,Y,32.7574171,-117.1194665
MLS Listing,,Townhouse,5704 BATES St #26,San Diego,CA,92115,450000,2,1.5,92115 - San Diego,1072,,1982,5,420,300,Active,,,https://www.redfin.com/CA/San-Diego/5704-Bates-St-92115/unit-26/home/5513123,CRMLS,PTP2206524,N,Y,32.7463405,-117.075156
MLS Listing,,Condo/Co-op,4620 Edgeware Rd #2,San Diego,CA,92116,700000,2,1.5,92116 - Normal Heights,1040,,1980,5,673,160,Active,,,https://www.redfin.com/CA/San-Diego/4620-Edgeware-Rd-92116/unit-2/home/5272282,CRMLS,NDP2210083,N,Y,32.7614567,-117.105632
MLS Listing,,Single Family Residential,1330 Thomas Ave,San Diego,CA,92109,2290000,5,3.5,Pacific Beach,2331,,2015,5,982,,Active,,,https://www.redfin.com/CA/San-Diego/1330-Thomas-Ave-92109/home/61676300,SDMLS,220025101,N,Y,32.7961044,-117.2448238
MLS Listing,,Condo/Co-op,2650 Broadway #207,San Diego,CA,92102,415000,1,1,San Diego,521,,1984,5,797,330,Active,,,https://www.redfin.com/CA/San-Diego/2650-Broadway-92102/unit-207/home/5767995,SDMLS,220025096,N,Y,32.716206,-117.137213
MLS Listing,,Multi-Family (2-4 Unit),3741 52nd St,San Diego,CA,92105,779000,4,2,City Heights,1520,,1946,5,513,,Active,,,https://www.redfin.com/CA/San-Diego/3741-52nd-St-92105/home/180392522,SDMLS,220025093,N,Y,32.7469882,-117.0834305
MLS Listing,,Condo/Co-op,8585 Via Mallorca #41,La Jolla,CA,92037,949000,2,2,La Jolla,1355,43739,1986,5,700,478,Active,,,https://www.redfin.com/CA/La-Jolla/8585-Via-Mallorca-92037/unit-41/home/4868376,SDMLS,220025090,N,Y,32.862363,-117.2321989
MLS Listing,,Condo/Co-op,7160 Shoreline Dr #4207,San Diego,CA,92122,709900,2,2,University City,848,104658,1988,3,837,400,Active,,,https://www.redfin.com/CA/San-Diego/7160-Shoreline-Dr-92122/unit-4207/home/7493864,SDMLS,220025088,N,Y,32.86342,-117.1984799
MLS Listing,,Single Family Residential,15545 VIA LA VENTANA,San Diego,CA,92131,3585000,6,6,Scripps Ranch,6200,,2009,5,578,145,Active,,,https://www.redfin.com/CA/San-Diego/15545-Via-La-Ventana-92131/home/21465567,SDMLS,220025087,N,Y,32.9229508,-117.0143517
MLS Listing,,Single Family Residential,1318-20 Bush St,San Diego,CA,92103,1149000,3,2,92103 - Mission Hills,1827,5989,1917,5,629,,Active,,,https://www.redfin.com/CA/San-Diego/1318-Bush-St-92103/home/180944212,CRMLS,PTP2206516,N,Y,32.74734,-117.175411
MLS Listing,,Vacant Land,Tompkins St,San Diego,CA,92102,749000,0,,San Diego,,20827,,5,,,Active,,,https://www.redfin.com/CA/San-Diego/Tompkins-St-92102/home/40506421,SDMLS,220025082,N,Y,32.70671694,-117.1176016
MLS Listing,,Multi-Family (2-4 Unit),2039 Osborn St,San Diego,CA,92113,625000,4,2,92113 - Logan Heights,1560,6242,1972,5,401,,Active,,,https://www.redfin.com/CA/San-Diego/2039-Osborn-St-92113/home/5899460,CRMLS,PTP2206514,N,Y,32.6853838,-117.1094929
MLS Listing,,Multi-Family (2-4 Unit),3217 Island Ave,San Diego,CA,92102,899000,4,2.5,Logan Heights,1463,4984,1920,4,614,,Active,,,https://www.redfin.com/CA/San-Diego/3217-Island-Ave-92102/home/5857516,SDMLS,220025079,N,Y,32.7104092,-117.1247978
MLS Listing,,Single Family Residential,5451 Redding Rd,San Diego,CA,92115,1400000,4,3.5,San Diego,2674,,1958,5,524,,Active,,,https://www.redfin.com/CA/San-Diego/5451-Redding-Rd-92115/home/5436312,SDMLS,220025078,N,Y,32.7780134,-117.0821204
MLS Listing,,Condo/Co-op,3211 5th Ave #305,San Diego,CA,92103,749000,1,1.5,Hillcrest,931,15063,2004,5,805,500,Active,,,https://www.redfin.com/CA/San-Diego/3211-Fifth-Ave-92103/unit-305/home/6602735,SDMLS,220025076,N,Y,32.738918,-117.1600224
MLS Listing,,Single Family Residential,14216 Dalia Dr,Rancho Santa Fe,CA,92067,4825000,5,7,Rancho Santa Fe,6311,25264,2001,5,765,615,Active,October-11-2022 11:30 AM,October-11-2022 02:00 PM,https://www.redfin.com/CA/Rancho-Santa-Fe/14216-Dalia-Dr-92067/home/171983765,SDMLS,220025071,N,Y,32.9765657,-117.1999501
MLS Listing,,Condo/Co-op,17179 Bernardo Center Dr,Rancho Bernardo,CA,92128,829000,2,2.5,Rancho Bernardo,1550,,1967,2,535,540,Active,,,https://www.redfin.com/CA/San-Diego/17179-Bernardo-Center-Dr-92128/home/4222503,SDMLS,220025070,N,Y,33.0246956,-117.073593
MLS Listing,,Single Family Residential,17695 Drayton Hall Way,San Diego,CA,92128,865000,3,2,Rancho Bernardo,1617,,1982,3,535,275,Active,October-9-2022 12:00 PM,October-9-2022 04:00 PM,https://www.redfin.com/CA/San-Diego/17695-Drayton-Hall-Way-92128/home/4239708,SDMLS,220025068,N,Y,33.0353369,-117.0742366
MLS Listing,,Single Family Residential,6032 Caminito De La Taza,San Diego,CA,92120,1250000,3,3,92120 - Del Cerro,2093,3216,1980,6,597,380,Active,,,https://www.redfin.com/CA/San-Diego/6032-Caminito-De-La-Taza-92120/home/6245345,CRMLS,NDP2210065,N,Y,32.7881414,-117.0623236
MLS Listing,,Single Family Residential,4046 Cherokee Ave,San Diego,CA,92104,699000,2,1,North Park,917,,1925,6,762,,Pre On-Market,,,https://www.redfin.com/CA/San-Diego/4046-Cherokee-Ave-92104/home/174679101,SDMLS,220025060,N,Y,32.7506221,-117.1146044
MLS Listing,,Single Family Residential,2255 Ingrid Ave,San Diego,CA,92154,749900,3,2,92154 - Otay Mesa,1743,6000,1959,6,430,,Active,,,https://www.redfin.com/CA/San-Diego/2255-Ingrid-Ave-92154/home/6175069,CRMLS,PTP2206510,N,Y,32.5725648,-117.0851302
MLS Listing,,Condo/Co-op,12063 Alta Carmel Ct #158,San Diego,CA,92128,529000,2,2,92128 - Rancho Bernardo,1036,,2006,6,511,290,Active,,,https://www.redfin.com/CA/San-Diego/12063-Alta-Carmel-Ct-92128/unit-158/home/7536454,CRMLS,NDP2210057,N,Y,32.9929511,-117.0718232
MLS Listing,,Single Family Residential,12795 Via Donada,Del Mar,CA,92014,5495000,4,4.5,92014 - Del Mar,4163,9147,2016,6,1320,,Active,,,https://www.redfin.com/CA/Del-Mar/12795-Via-Donada-92014/home/4434826,CRMLS,NDP2210053,N,Y,32.9341565,-117.251284
MLS Listing,,Single Family Residential,4241 Cartagena Dr,San Diego,CA,92115,845000,3,2,San Diego,1289,5500,1942,6,656,,Active,,,https://www.redfin.com/CA/San-Diego/4241-Cartagena-Dr-92115/home/5516371,SDMLS,220025053,N,Y,32.754874,-117.0625139
MLS Listing,,Single Family Residential,5603 Bolivar St,San Diego,CA,92139,655000,3,1,San Diego,1096,,1943,5,598,,Active,,,https://www.redfin.com/CA/San-Diego/5603-Bolivar-St-92139/home/6042508,SDMLS,220025050,N,Y,32.6774667,-117.0699154
MLS Listing,,Multi-Family (2-4 Unit),4140 48th,San Diego,CA,92105,2095000,14,8,City Heights,4120,,2022,6,508,,Active,,,https://www.redfin.com/CA/San-Diego/4140-48th-St-92105/home/5499443,SDMLS,220025049,N,Y,32.7520056,-117.0915207
MLS Listing,,Condo/Co-op,3890 Nobel Dr #706,San Diego,CA,92122,579000,1,1.5,92122 - University City,1055,,1991,6,549,2897,Active,,,https://www.redfin.com/CA/San-Diego/3890-Nobel-Dr-92122/unit-706/home/4871400,CRMLS,NDP2210047,N,Y,32.868799,-117.223007
MLS Listing,,Single Family Residential,4515 Tivoli St,San Diego,CA,92107,4595000,4,4.5,Point Loma,3850,,2021,6,1194,,Active,,,https://www.redfin.com/CA/San-Diego/4515-Tivoli-St-92107/home/6433220,SDMLS,220025046,N,Y,32.7318138,-117.2513069
MLS Listing,,Single Family Residential,980 Crest Rd,Del Mar,CA,92014,4800000,5,4.5,Del Mar,3299,12100,1988,6,1455,,Pre On-Market,,,https://www.redfin.com/CA/Del-Mar/980-Crest-Rd-92014/home/4424369,SDMLS,220025043,N,Y,32.9558305,-117.2573697
MLS Listing,,Single Family Residential,3810 Crown Point Dr,San Diego,CA,92109,2200000,3,2,92109 - Pacific Beach,1300,5000,1940,6,1692,,Active,,,https://www.redfin.com/CA/San-Diego/3810-Crown-Point-Dr-92109/home/5194373,CRMLS,NDP2210045,N,Y,32.7899308,-117.2333932
MLS Listing,,Vacant Land,0 1ST Pl,Escondido,CA,92029,150000,,,92029 - Escondido,,5097,,6,,,Active,,,https://www.redfin.com/CA/ESCONDIDO/1ST-PL-92029/home/22677331,CRMLS,NDP2210041,N,Y,33.07496,-117.118912
MLS Listing,,Single Family Residential,863 Grissom St,San Diego,CA,92154,725000,3,2,92154 - Otay Mesa,1627,5100,1969,4,446,,Active,,,https://www.redfin.com/CA/San-Diego/863-Grissom-St-92154/home/6154955,CRMLS,PTP2206502,N,Y,32.5810107,-117.0552041
MLS Listing,,Townhouse,3440 Lebon Dr #4113,San Diego,CA,92122,499000,1,1,University City,535,52366,2006,6,933,325,Active,,,https://www.redfin.com/CA/San-Diego/3440-Lebon-Dr-92122/unit-4113/home/6698534,SDMLS,220025034,N,Y,32.8678695,-117.2254004
MLS Listing,,Single Family Residential,8349 Summit Way,San Diego,CA,92108,1460000,4,3.5,92108 - Mission Valley,2183,184001,2017,6,669,340,Active,October-9-2022 12:00 PM,October-9-2022 04:00 PM,https://www.redfin.com/CA/San-Diego/8349-Summit-Way-92108/home/143237670,CRMLS,TR22214430,N,Y,32.7833371,-117.148833
MLS Listing,,Single Family Residential,6823 Neptune Pl,La Jolla,CA,92037,4995000,4,4,92037 - La Jolla,2592,3375,1972,6,1927,,Active,,,https://www.redfin.com/CA/La-Jolla/6823-Neptune-Pl-92037/home/4915066,CRMLS,NDP2210040,N,Y,32.830568,-117.2803674
MLS Listing,,Single Family Residential,3344 Lucinda St,San Diego,CA,92106,2350000,3,2,Point Loma,1554,10931,1949,6,1512,,Active,October-9-2022 01:00 PM,October-9-2022 04:00 PM,https://www.redfin.com/CA/San-Diego/3344-Lucinda-St-92106/home/5742518,SDMLS,220024267,N,Y,32.7194442,-117.2388823
MLS Listing,,Single Family Residential,894 Gage Dr,San Diego,CA,92106,1495000,3,2,Point Loma,1384,10634,1959,6,1080,,Active,October-14-2022 10:00 AM,October-14-2022 03:00 PM,https://www.redfin.com/CA/San-Diego/894-Gage-Dr-92106/home/5742418,SDMLS,220025024,N,Y,32.7200713,-117.241519
MLS Listing,,Townhouse,4393 Mayberry St,San Diego,CA,92113,369000,2,1.5,San Diego,866,,1981,6,426,198,Active,,,https://www.redfin.com/CA/San-Diego/4393-Mayberry-St-92113/home/5896678,SDMLS,220025023,N,Y,32.6917446,-117.0995655
MLS Listing,,Single Family Residential,4537 48th St,San Diego,CA,92115,799900,3,2,92115 - San Diego,1419,6200,1939,6,564,,Active,,,https://www.redfin.com/CA/San-Diego/4537-48th-St-92115/home/5460200,CRMLS,PTP2206499,N,Y,32.7598237,-117.0905554
MLS Listing,,Condo/Co-op,2220 River Run Dr #117,San Diego,CA,92108,550000,2,2,92108 - Mission Valley,942,109771,1986,6,584,408,Active,October-9-2022 01:00 PM,October-9-2022 04:00 PM,https://www.redfin.com/CA/San-Diego/2220-River-Run-Dr-92108/unit-117/home/5227524,CRMLS,PTP2206498,N,Y,32.7781467,-117.1347936
MLS Listing,,Single Family Residential,15529 Mission Preserve,San Diego,CA,92131,3199000,6,6,Scripps Ranch,5818,16790,2008,6,550,145,Active,,,https://www.redfin.com/CA/San-Diego/15529-Mission-Preserve-Pl-92131/home/21902578,SDMLS,220025021,N,Y,32.9234067,-117.0155473
MLS Listing,,Condo/Co-op,427 9th Ave #707,San Diego,CA,92101,499000,0,1,Downtown,487,20036,2005,6,1025,601,Active,,,https://www.redfin.com/CA/San-Diego/427-Ninth-Ave-92101/unit-707/home/6677642,SDMLS,220025019,N,Y,32.7097744,-117.1561625
MLS Listing,,Townhouse,6409 W Caminito Blythefield S,La Jolla,CA,92037,1350000,2,2.5,92037 - La Jolla,1604,,1982,6,842,885,Active,,,https://www.redfin.com/CA/La-Jolla/6409-Caminito-Blythefield-92037/home/4925041,CRMLS,NDP2210034,N,Y,32.8316967,-117.2449486
MLS Listing,,Townhouse,13272 Tiverton Rd,San Diego,CA,92130,1000000,2,2.5,Carmel Valley,1386,,1987,6,722,290,Active,October-9-2022 01:00 PM,October-9-2022 04:00 PM,https://www.redfin.com/CA/San-Diego/13272-Tiverton-Rd-92130/home/4463452,SDMLS,220025018,N,Y,32.9597628,-117.2355653
MLS Listing,,Single Family Residential,9493 Aldabra Ct,San Diego,CA,92129,1299900,4,2.5,92129 - Rancho Penasquitos,1843,13963,1977,6,705,,Active,,,https://www.redfin.com/CA/San-Diego/9493-Aldabra-Ct-92129/home/4600310,CRMLS,PTP2206495,N,Y,32.9669645,-117.1242003
MLS Listing,,Single Family Residential,5758 Avenida Sanchez,San Diego,CA,92124,1299000,5,2.5,92124 - Tierrasanta,2247,6500,1973,6,578,,Active,,,https://www.redfin.com/CA/San-Diego/5758-Avenida-Sanchez-92124/home/4985387,CRMLS,NDP2210033,N,Y,32.8361859,-117.1006679
MLS Listing,,Single Family Residential,6944 Country Clb,La Jolla,CA,92037,4425000,5,3,La Jolla,2464,13280,1957,6,1796,,Active,,,https://www.redfin.com/CA/La-Jolla/6944-Country-Club-Dr-92037/home/4921215,SDMLS,220025016,N,Y,32.8362903,-117.2612506
MLS Listing,,Single Family Residential,12759 Corte Cierna,San Diego,CA,92128,910000,2,2,Rancho Bernardo,1418,,1981,2,642,280,Active,,,https://www.redfin.com/CA/San-Diego/12759-Corte-Cierna-92128/home/4207997,SDMLS,220025006,N,Y,33.0345862,-117.0537329
MLS Listing,,Single Family Residential,5721 Roanoke St,San Diego,CA,92139,669900,3,2,Paradise Hills,1068,7200,1959,6,627,,Active,October-15-2022 01:00 PM,October-15-2022 04:00 PM,https://www.redfin.com/CA/San-Diego/5721-Roanoke-St-92139/home/6045339,SDMLS,220025005,N,Y,32.6708575,-117.0658239
MLS Listing,,Single Family Residential,5864 ESTELLE,San Diego,CA,92115,699000,2,1,San Diego,726,3621,1937,6,963,,Active,,,https://www.redfin.com/CA/San-Diego/5864-Estelle-St-92115/home/5507964,SDMLS,220025004,N,Y,32.7583952,-117.0712754
MLS Listing,,Townhouse,12541 El Camino Real Unit B,San Diego,CA,92130,939000,2,2.5,Carmel Valley,1351,28576,1998,6,695,357,Active,October-9-2022 01:00 PM,October-9-2022 04:00 PM,https://www.redfin.com/CA/San-Diego/12541-El-Camino-Real-92130/unit-B/home/4516020,SDMLS,220025003,N,Y,32.946242,-117.235555
MLS Listing,,Single Family Residential,2061 Garnet Ave,San Diego,CA,92109,1450000,1,1,Pacific Beach,540,6250,1920,7,2685,,Active,,,https://www.redfin.com/CA/San-Diego/2061-Garnet-Ave-92109/home/5188457,SDMLS,220025001,N,Y,32.8015528,-117.2320841
MLS Listing,,Condo/Co-op,425 W Beech St #708,San Diego,CA,92101,488800,1,1,Downtown,760,59910,2004,7,643,796,Pre On-Market,,,https://www.redfin.com/CA/San-Diego/425-W-Beech-St-92101/unit-708/home/6640923,SDMLS,220024997,N,Y,32.7206773,-117.1668231
MLS Listing,,Condo/Co-op,12132 Royal Birkdale Row Unit 305E,San Diego,CA,92128,665000,3,2,Rancho Bernardo,1464,,1987,7,454,727,Active,,,https://www.redfin.com/CA/San-Diego/12132-Royal-Birkdale-Row-92128/unit-305E/home/182089248,SDMLS,220024996,N,Y,33.0016495,-117.0712945
MLS Listing,,Condo/Co-op,4060 Porte La Paz #40,San Diego,CA,92122,775000,2,2,University City,1086,,1985,4,714,330,Active,,,https://www.redfin.com/CA/San-Diego/4060-Porte-La-Paz-92122/unit-40/home/4889157,SDMLS,220024995,N,Y,32.8566212,-117.228536
MLS Listing,,Single Family Residential,5525 Brunswick Ave,San Diego,CA,92120,830000,4,2,San Diego,1242,8600,1956,6,668,,Active,,,https://www.redfin.com/CA/San-Diego/5525-Brunswick-Ave-92120/home/6239977,SDMLS,220024985,N,Y,32.7981652,-117.0722599
MLS Listing,,Single Family Residential,1880 Catalina Blvd,San Diego,CA,92107,1450000,4,2,Ocean Beach,1062,,1953,7,1365,,Active,October-9-2022 02:00 PM,October-9-2022 04:00 PM,https://www.redfin.com/CA/San-Diego/1880-Catalina-Blvd-92107/home/5342885,SDMLS,220024982,N,Y,32.7381868,-117.2375962
MLS Listing,,Condo/Co-op,11149 Catarina Ln #82,San Diego,CA,92128,760000,3,2,Sabre Spr,1267,,2005,7,600,325,Active,,,https://www.redfin.com/CA/San-Diego/11149-Catarina-Ln-92128/unit-82/home/7534839,SDMLS,220024981,N,Y,32.9466682,-117.0893637
MLS Listing,,Condo/Co-op,1080 Park Blvd #1801,San Diego,CA,92101,829900,2,2,92101 - San Diego Downtown,1191,,2007,7,697,715,Active,,,https://www.redfin.com/CA/San-Diego/1080-Park-Blvd-92101/unit-1801/home/17200794,CRMLS,NDP2210021,N,Y,32.7163392,-117.1540942
MLS Listing,,Single Family Residential,13477 Sydney Rae Pl,San Diego,CA,92129,1299000,4,3,Torrey Highlands,1920,4694,2011,7,677,162,Active,,,https://www.redfin.com/CA/San-Diego/13477-Sydney-Rae-Pl-92129/home/22659527,SDMLS,220024979,N,Y,32.9662285,-117.1531066
MLS Listing,,Condo/Co-op,2855 5th Ave #501,San Diego,CA,92103,2150000,2,2,San Diego,1875,,2018,7,1147,1724,Active,,,https://www.redfin.com/CA/San-Diego/2855-Fifth-Ave-92103/unit-501/home/167587922,SDMLS,220024978,N,Y,32.7353992,-117.1598845
MLS Listing,,Single Family Residential,17768 Caminito Balata,San Diego,CA,92128,1250000,2,2,Rancho Bernardo,1597,180116,1985,7,783,291,Active,,,https://www.redfin.com/CA/San-Diego/17768-Caminito-Balata-92128/home/4240553,SDMLS,220024977,N,Y,33.0324661,-117.0532385
MLS Listing,,Condo/Co-op,4663 Iowa St #5,San Diego,CA,92116,620000,2,2,Normal Heights,844,6092,1985,8,735,240,Active,,,https://www.redfin.com/CA/San-Diego/4663-Iowa-St-92116/unit-5/home/12155757,SDMLS,220024957,N,Y,32.7625572,-117.125694
MLS Listing,,Condo/Co-op,860 Turquoise St #122,San Diego,CA,92109,499900,0,1,Pacific Beach,460,41803,1980,8,1087,355,Active,,,https://www.redfin.com/CA/San-Diego/860-Turquoise-St-92109/unit-122/home/6655006,SDMLS,220024974,N,Y,32.8090717,-117.257829
MLS Listing,,Single Family Residential,11380 Ironwood Rd,San Diego,CA,92131,1225000,4,2,92131 - Scripps Miramar,1541,5500,1973,8,795,,Active,,,https://www.redfin.com/CA/San-Diego/11380-Ironwood-Rd-92131/home/4809356,CRMLS,PTP2206482,N,Y,32.9084829,-117.0903716
MLS Listing,,Single Family Residential,3238 Villanova Ave,San Diego,CA,92122,1578000,4,2,92122 - University City,1754,6500,1967,8,900,,Active,,,https://www.redfin.com/CA/San-Diego/3238-Villanova-Ave-92122/home/6405815,CRMLS,NDP2210015,N,Y,32.8560322,-117.2140079
MLS Listing,,Single Family Residential,1528 Hawken Dr,San Diego,CA,92154,700000,4,2.5,92154 - Otay Mesa,1696,4605,2004,8,413,94,Active,,,https://www.redfin.com/CA/San-Diego/1528-Hawken-Dr-92154/home/6576345,CRMLS,PTP2206480,N,Y,32.5658741,-117.0331351
MLS Listing,,Single Family Residential,11011 Mont Blanc Dr,San Diego,CA,92126,1899900,5,4.5,Mira Mesa,3463,,2022,8,549,273,Active,,,https://www.redfin.com/CA/San-Diego/11011-Mont-Blanc-Dr-92126/home/181801827,SDMLS,220024967,N,Y,32.8927,-117.1677
MLS Listing,,Townhouse,2854 Avella Cir,San Diego,CA,92108,1250000,3,2.5,Mission Valley,1512,,2021,8,827,510,Active,,,https://www.redfin.com/CA/San-Diego/2854-Avella-Cir-92108/home/178694141,SDMLS,220024964,N,Y,32.7815515,-117.1439848
MLS Listing,,Condo/Co-op,6455 La Jolla Blvd #335,La Jolla,CA,92037,615000,1,1,92037 - La Jolla,713,135907,1970,8,863,329,Active,,,https://www.redfin.com/CA/La-Jolla/6455-La-Jolla-Blvd-92037/unit-335/home/4919361,CRMLS,NDP2210013,N,Y,32.8259837,-117.2762457
MLS Listing,,Single Family Residential,935 Caleb Ct,San Diego,CA,92154,749900,6,4,South Sd,2800,,1977,8,268,,Active,,,https://www.redfin.com/CA/San-Diego/935-Caleb-Ct-92154/home/6160289,SDMLS,220024963,N,Y,32.5804233,-117.0589739
MLS Listing,,Condo/Co-op,700 Front St #1202,San Diego,CA,92101,1850000,2,2.5,Downtown,1940,59761,1986,8,954,1834,Active,,,https://www.redfin.com/CA/San-Diego/700-Front-St-92101/unit-1202/home/6434184,SDMLS,220024955,N,Y,32.7133489,-117.1648566
MLS Listing,,Single Family Residential,12641 Stella Ln Unit HS 82 Plan 1,San Diego,CA,92129,1665000,4,2,Rancho Penasquitos,2495,,2022,8,667,300,Active,,,https://www.redfin.com/CA/San-Diego/12641-Stella-Ln-92129/unit-HS-82-Plan-1/home/182070378,SDMLS,220024953,N,Y,32.9525873,-117.1516138
MLS Listing,,Single Family Residential,8501 Pinecrest Ave,Serra Mesa,CA,92123,1048500,3,2,Serra Mesa,1134,9000,1958,8,925,,Active,,,https://www.redfin.com/CA/San-Diego/8501-Pinecrest-Ave-92123/home/5209975,SDMLS,220024952,N,Y,32.7987152,-117.1455243
MLS Listing,,Single Family Residential,1330 Goshen St,San Diego,CA,92110,899900,2,1,92110 - Old Town Sd,1176,5140,1950,8,765,,Active,,,https://www.redfin.com/CA/San-Diego/1330-Goshen-St-92110/home/5238026,CRMLS,PTP2206475,N,Y,32.76962,-117.1881656
MLS Listing,,Condo/Co-op,10557 Greenford Dr,San Diego,CA,92126,465000,2,2,Mira Mesa,1090,103674,1973,8,427,323,Active,,,https://www.redfin.com/CA/San-Diego/10557-Greenford-Dr-92126/home/4802676,SDMLS,220024944,N,Y,32.9110333,-117.1309685
MLS Listing,,Condo/Co-op,3955 Honeycutt St #201,San Diego,CA,92109,1049900,2,2,San Diego,1063,,1980,6,988,525,Active,,,https://www.redfin.com/CA/San-Diego/3955-Honeycutt-St-92109/unit-201/home/5194050,SDMLS,220024943,N,Y,32.792971,-117.2315558
MLS Listing,,Single Family Residential,4945 EMELENE St,San Diego,CA,92109,2595000,5,4,92109 - Pacific Beach,3514,6800,1995,8,738,,Active,,,https://www.redfin.com/CA/San-Diego/4945-Emelene-St-92109/home/5137196,CRMLS,NDP2210004,N,Y,32.8082128,-117.2382852
MLS Listing,,Single Family Residential,2891 Whitney,San Diego,CA,92111,979000,3,3,Linda Vista,1615,,1959,8,606,,Active,,,https://www.redfin.com/CA/San-Diego/2891-Whitney-St-92111/home/5207969,SDMLS,220024940,N,Y,32.7968504,-117.1686151
MLS Listing,,Single Family Residential,2818 Erie St,San Diego,CA,92117,1895000,4,3.5,Bay Park,2304,7300,1972,6,822,,Active,,,https://www.redfin.com/CA/San-Diego/2818-Erie-St-92117/home/5203204,SDMLS,220024939,N,Y,32.7918258,-117.2022242
MLS Listing,,Townhouse,13314 Kibbings Rd,San Diego,CA,92130,1174000,3,2.5,Carmel Valley,1604,,1990,8,732,270,Active,,,https://www.redfin.com/CA/San-Diego/13314-Kibbings-Rd-92130/home/4472434,SDMLS,220024935,N,Y,32.9611016,-117.2336591
MLS Listing,,Single Family Residential,2912 Preece St,San Diego,CA,92111,899000,3,2,92111 - Linda Vista,1422,5800,1990,8,632,,Active,,,https://www.redfin.com/CA/San-Diego/2912-Preece-St-92111/home/5222766,CRMLS,PTP2206467,N,Y,32.7956236,-117.1770925
MLS Listing,,Single Family Residential,2902 W Porter Rd,San Diego,CA,92106,2140000,4,2.5,Point Loma,2838,4282,2004,8,754,93,Active,,,https://www.redfin.com/CA/San-Diego/2902-W-Porter-Rd-92106/home/6564120,SDMLS,220024934,N,Y,32.7336304,-117.220163
MLS Listing,,Single Family Residential,16778 Santanella St,San Diego,CA,92127,1999000,5,4,Rancho Bernardo,3540,,2002,8,565,115,Active,,,https://www.redfin.com/CA/San-Diego/16778-Santanella-St-92127/home/6267716,SDMLS,220024932,N,Y,33.0107456,-117.1058388
MLS Listing,,Townhouse,16755 Coyote Bush Dr #50,San Diego,CA,92127,1280000,3,3.5,Rancho Bernardo,2315,,2019,8,553,380,Active,,,https://www.redfin.com/CA/San-Diego/16755-Coyote-Bush-Dr-92127/unit-50/home/167684366,SDMLS,220024826,N,Y,33.0199937,-117.1282677
MLS Listing,,Single Family Residential,2319 Spring Oak Way,San Diego,CA,92139,824900,5,3,92139 - Paradise Hills,1984,6709,1983,8,416,,Active,,,https://www.redfin.com/CA/San-Diego/2319-Spring-Oak-Way-92139/home/6060635,CRMLS,PTP2206465,N,Y,32.6859762,-117.0337788
MLS Listing,,Single Family Residential,14237 Green Valley Ct,San Diego,CA,92131,2300000,4,4,Scripps Ranch,4257,,2009,8,540,145,Active,,,https://www.redfin.com/CA/San-Diego/14237-Green-Valley-Ct-92131/home/21730331,SDMLS,220024931,N,Y,32.9241227,-117.0338478
MLS Listing,,Condo/Co-op,235 N 50TH St #23,San Diego,CA,92102,319000,3,2,San Diego,792,,1987,9,403,311,Active,,,https://www.redfin.com/CA/San-Diego/235-50th-St-92102/unit-23/home/6569332,SDMLS,220024930,N,Y,32.7056127,-117.0865333
MLS Listing,,Single Family Residential,2227 Flintridge Dr,San Diego,CA,92139,739000,4,3,Paradise Hills,1595,8100,1954,9,463,,Active,,,https://www.redfin.com/CA/San-Diego/2227-Flintridge-Dr-92139/home/6043299,SDMLS,220024927,N,Y,32.6766859,-117.067983
MLS Listing,,Single Family Residential,1045 Van Nuys St,San Diego,CA,92109,4300000,4,4.5,Pacific Beach,3311,,2009,9,1299,,Active,,,https://www.redfin.com/CA/San-Diego/1045-Van-Nuys-St-92109/home/5124304,SDMLS,220024926,N,Y,32.8122175,-117.2552799
MLS Listing,,Condo/Co-op,4466 41st St,San Diego,CA,92116,391000,1,1,Kensington,576,,1980,9,679,210,Active,,,https://www.redfin.com/CA/San-Diego/4466-41st-St-92116/home/182055573,SDMLS,220024922,N,Y,32.7583343,-117.1074705
